block,cargo,column,container_size,depo,grade,no_container,row,state,tgl_status,tier,updated_at,vvoy
E,-,1,20 DC,DEPO 4,-,-,1,-,-,1,-,-
A,-,1,20 DC,DEPO 4,-,-,1,-,-,1,-,-
D,-,1,20 DC,DEPO 4,-,-,1,-,-,1,-,-
G,-,1,20 DC,DEPO 4,-,-,1,-,-,1,-,-
F1,-,1,20 DC,DEPO 4,-,-,1,-,-,1,-,-
DE,-,1,20 DC,DEPO 4,-,-,1,-,-,1,-,-
F,-,1,20 DC,DEPO 4,-,-,1,-,-,1,-,-
RR,-,1,20 DC,DEPO 4,-,-,1,-,-,1,-,-
H,-,1,20 DC,DEPO 4,-,-,1,-,-,1,-,-
FG,-,1,20 DC,DEPO 4,-,-,1,-,-,1,-,-
J,KONTAINER KOSONG (COC),1,20 DC,DEPO 4,A,KFTZ296PPLS,1,MTS,02-10-2025,1,02-10-2025 07:45:06,BSA-20/2025 BMS-SBY
HS,-,1,20 DC,DEPO 4,-,-,1,-,-,1,-,-
B,MAKANAN,1,20 DC,DEPO 4,A,TIJK298NYVR,1,MTB,25-09-2025,1,25-09-2025 13:36:50,OGA-16/2025 SBY-FAK
C,-,1,20 DC,DEPO 4,-,-,1,-,-,1,-,-
I,MINYAK GORENG,1,20 DC,DEPO 4,A,DABT300WECB,1,FTL,26-09-2025,1,26-09-2025 18:07:45,OGA-16/2025 SBY-JYP
E,-,2,20 DC,DEPO 4,-,-,1,-,-,1,-,-
DE,-,2,20 DC,DEPO 4,-,-,1,-,-,1,-,-
A,-,2,20 DC,DEPO 4,-,-,1,-,-,1,-,-
D,-,2,20 DC,DEPO 4,-,-,1,-,-,1,-,-
G,-,2,20 DC,DEPO 4,-,-,1,-,-,1,-,-
F1,-,2,20 DC,DEPO 4,-,-,1,-,-,1,-,-
F,-,2,20 DC,DEPO 4,-,-,1,-,-,1,-,-
RR,-,2,20 DC,DEPO 4,-,-,1,-,-,1,-,-
H,-,2,20 DC,DEPO 4,-,-,1,-,-,1,-,-
FG,-,2,20 DC,DEPO 4,-,-,1,-,-,1,-,-
J,-,2,20 DC,DEPO 4,-,-,1,-,-,1,-,-
HS,-,2,20 DC,DEPO 4,-,-,1,-,-,1,-,-
B,-,2,20 DC,DEPO 4,-,-,1,-,-,1,-,-
C,-,2,20 DC,DEPO 4,-,-,1,-,-,1,-,-
I,-,2,20 DC,DEPO 4,-,-,1,-,-,1,-,-
E,BESI,3,20 DC,DEPO 4,A,HAUP294XDEV,1,FTL,30-09-2025,1,30-09-2025 15:57:19,PAH-32/2025 SBY-GTO
DE,-,3,20 DC,DEPO 4,-,-,1,-,-,1,-,-
A,-,3,20 DC,DEPO 4,-,-,1,-,-,1,-,-
D,-,3,20 DC,DEPO 4,-,-,1,-,-,1,-,-
G,-,3,20 DC,DEPO 4,-,-,1,-,-,1,-,-
F1,-,3,20 DC,DEPO 4,-,-,1,-,-,1,-,-
I,-,3,20 DC,DEPO 4,-,-,1,-,-,1,-,-
F,ALAT TULIS KANTOR,3,20 DC,DEPO 4,B,BQQX289RHPF,1,MTB,26-09-2025,1,26-09-2025 15:56:07,OGA-16/2025 SBY-TUA
RR,-,3,20 DC,DEPO 4,-,-,1,-,-,1,-,-
H,-,3,20 DC,DEPO 4,-,-,1,-,-,1,-,-
FG,-,3,20 DC,DEPO 4,-,-,1,-,-,1,-,-
J,-,3,20 DC,DEPO 4,-,-,1,-,-,1,-,-
HS,-,3,20 DC,DEPO 4,-,-,1,-,-,1,-,-
B,ACCU,3,20 DC,DEPO 4,A,TPDO294OHLI,1,FTL,01-10-2025,1,01-10-2025 16:48:31,BKU-29/2025 SBY-PAL
C,-,3,20 DC,DEPO 4,-,-,1,-,-,1,-,-
E,-,4,20 DC,DEPO 4,-,-,1,-,-,1,-,-
A,-,4,20 DC,DEPO 4,-,-,1,-,-,1,-,-
FG,-,4,20 DC,DEPO 4,-,-,1,-,-,1,-,-
G,-,4,20 DC,DEPO 4,-,-,1,-,-,1,-,-
F1,-,4,20 DC,DEPO 4,-,-,1,-,-,1,-,-
I,-,4,20 DC,DEPO 4,-,-,1,-,-,1,-,-
F,-,4,20 DC,DEPO 4,-,-,1,-,-,1,-,-
RR,-,4,20 DC,DEPO 4,-,-,1,-,-,1,-,-
H,-,4,20 DC,DEPO 4,-,-,1,-,-,1,-,-
J,-,4,20 DC,DEPO 4,-,-,1,-,-,1,-,-
HS,-,4,20 DC,DEPO 4,-,-,1,-,-,1,-,-
DE,-,4,20 DC,DEPO 4,-,-,1,-,-,1,-,-
B,-,4,20 DC,DEPO 4,-,-,1,-,-,1,-,-
C,-,4,20 DC,DEPO 4,-,-,1,-,-,1,-,-
E,-,5,20 DC,DEPO 4,-,-,1,-,-,1,-,-
A,KONTAINER KOSONG (COC),5,20 DC,DEPO 4,A,DTSE296PVCV,1,MTS,02-10-2025,1,02-10-2025 05:56:02,PFA-17/2025 BRU-SBY
FG,-,5,20 DC,DEPO 4,-,-,1,-,-,1,-,-
J,KONTAINER KOSONG (COC),5,20 DC,DEPO 4,A,PBSG313UJJD,1,MTS,01-10-2025,1,01-10-2025 08:23:57,PFA-20/2025 BRU-SBY
G,-,5,20 DC,DEPO 4,-,-,1,-,-,1,-,-
F1,-,5,20 DC,DEPO 4,-,-,1,-,-,1,-,-
I,-,5,20 DC,DEPO 4,-,-,1,-,-,1,-,-
F,KONTAINER KOSONG (COC),5,20 DC,DEPO 4,B,EIRD289TDXL,1,MTS,30-09-2025,1,30-09-2025 22:07:45,PLA-20/2025 BPN-SBY
RR,-,5,20 DC,DEPO 4,-,-,1,-,-,1,-,-
H,AIR MINERAL,5,20 DC,DEPO 4,A,OLYD298XIQE,1,MTB,01-10-2025,1,01-10-2025 11:42:22,TFL-26/2025 SBY-BAU
DE,-,5,20 DC,DEPO 4,-,-,1,-,-,1,-,-
B,-,5,20 DC,DEPO 4,-,-,1,-,-,1,-,-
C,-,5,20 DC,DEPO 4,-,-,1,-,-,1,-,-
E,-,6,20 DC,DEPO 4,-,-,1,-,-,1,-,-
A,-,6,20 DC,DEPO 4,-,-,1,-,-,1,-,-
D,-,6,20 DC,DEPO 4,-,-,1,-,-,1,-,-
DE,-,6,20 DC,DEPO 4,-,-,1,-,-,1,-,-
G,-,6,20 DC,DEPO 4,-,-,1,-,-,1,-,-
I,-,6,20 DC,DEPO 4,-,-,1,-,-,1,-,-
F,-,6,20 DC,DEPO 4,-,-,1,-,-,1,-,-
RR,-,6,20 DC,DEPO 4,-,-,1,-,-,1,-,-
H,-,6,20 DC,DEPO 4,-,-,1,-,-,1,-,-
B,-,6,20 DC,DEPO 4,-,-,1,-,-,1,-,-
C,-,6,20 DC,DEPO 4,-,-,1,-,-,1,-,-
E,TRIPLEK,7,20 DC,DEPO 4,B,URPS287DGSB,1,MTB,29-09-2025,1,29-09-2025 10:57:26,OGO-15/2025 SBY-JYP
A,-,7,20 DC,DEPO 4,-,-,1,-,-,1,-,-
D,-,7,20 DC,DEPO 4,-,-,1,-,-,1,-,-
G,KONTAINER KOSONG (COC),7,20 DC,DEPO 4,C,EJIF275DDCD,1,MTS,29-09-2025,1,29-09-2025 06:24:02,PFA-20/2025 BRU-SBY
I,-,7,20 DC,DEPO 4,-,-,1,-,-,1,-,-
F,-,7,20 DC,DEPO 4,-,-,1,-,-,1,-,-
RR,-,7,20 DC,DEPO 4,-,-,1,-,-,1,-,-
H,-,7,20 DC,DEPO 4,-,-,1,-,-,1,-,-
B,-,7,20 DC,DEPO 4,-,-,1,-,-,1,-,-
C,-,7,20 DC,DEPO 4,-,-,1,-,-,1,-,-
E,-,8,20 DC,DEPO 4,-,-,1,-,-,1,-,-
A,-,8,20 DC,DEPO 4,-,-,1,-,-,1,-,-
F,-,8,20 DC,DEPO 4,-,-,1,-,-,1,-,-
D,-,8,20 DC,DEPO 4,-,-,1,-,-,1,-,-
J,MAKANAN,8,20 DC,DEPO 4,A,JGCX297ABCM,1,MTB,29-09-2025,1,29-09-2025 13:39:47,OGA-16/2025 SBY-TUA
G,-,8,20 DC,DEPO 4,-,-,1,-,-,1,-,-
I,-,8,20 DC,DEPO 4,-,-,1,-,-,1,-,-
H,-,8,20 DC,DEPO 4,-,-,1,-,-,1,-,-
B,-,8,20 DC,DEPO 4,-,-,1,-,-,1,-,-
C,-,8,20 DC,DEPO 4,-,-,1,-,-,1,-,-
E,-,9,20 DC,DEPO 4,-,-,1,-,-,1,-,-
A,-,9,20 DC,DEPO 4,-,-,1,-,-,1,-,-
F,TEPUNG,9,20 DC,DEPO 4,A,IUNJ296YMIA,1,MTB,29-09-2025,1,29-09-2025 14:18:27,PAH-32/2025 SBY-GTO
D,MAKANAN,9,20 DC,DEPO 4,A,JWCK295UTDW,1,FTL,29-09-2025,1,29-09-2025 11:57:53,TFL-26/2025 SBY-KDR
G,-,9,20 DC,DEPO 4,-,-,1,-,-,1,-,-
J,-,9,20 DC,DEPO 4,-,-,1,-,-,1,-,-
I,-,9,20 DC,DEPO 4,-,-,1,-,-,1,-,-
H,MAKANAN,9,20 DC,DEPO 4,A,MQYU292VPKX,1,MTB,29-09-2025,1,29-09-2025 13:31:39,BKU-29/2025 SBY-PAL
B,-,9,20 DC,DEPO 4,-,-,1,-,-,1,-,-
C,-,9,20 DC,DEPO 4,-,-,1,-,-,1,-,-
E,-,10,20 DC,DEPO 4,-,-,1,-,-,1,-,-
A,-,10,20 DC,DEPO 4,-,-,1,-,-,1,-,-
F,-,10,20 DC,DEPO 4,-,-,1,-,-,1,-,-
D,-,10,20 DC,DEPO 4,-,-,1,-,-,1,-,-
G,-,10,20 DC,DEPO 4,-,-,1,-,-,1,-,-
J,-,10,20 DC,DEPO 4,-,-,1,-,-,1,-,-
I,-,10,20 DC,DEPO 4,-,-,1,-,-,1,-,-
H,BESI,10,20 DC,DEPO 4,C,HYFU270QIYR,1,FTL,29-09-2025,1,29-09-2025 19:36:15,APE-16/2025 SBY-TTE
B,-,10,20 DC,DEPO 4,-,-,1,-,-,1,-,-
C,-,10,20 DC,DEPO 4,-,-,1,-,-,1,-,-
G,-,11,20 DC,DEPO 4,-,-,1,-,-,1,-,-
E,-,11,20 DC,DEPO 4,-,-,1,-,-,1,-,-
B,-,11,20 DC,DEPO 4,-,-,1,-,-,1,-,-
A,MAKANAN,11,20 DC,DEPO 4,A,FFJZ298ZWMJ,1,MTB,29-09-2025,1,29-09-2025 15:21:52,TFL-26/2025 SBY-BAU
C,-,11,20 DC,DEPO 4,-,-,1,-,-,1,-,-
F,GARAM,11,20 DC,DEPO 4,C,VQBX274RLSH,1,FTL,27-09-2025,1,27-09-2025 12:11:36,OGA-16/2025 SBY-TUA
D,KONTAINER KOSONG (COC),11,20 DC,DEPO 4,A,FAKK305DSEF,1,MTS,30-09-2025,1,30-09-2025 22:08:52,OEM-13/2025 BIT-JKT
I,-,11,20 DC,DEPO 4,-,-,1,-,-,1,-,-
H,-,11,20 DC,DEPO 4,-,-,1,-,-,1,-,-
G,KONTAINER KOSONG (COC),12,20 DC,DEPO 4,A,BSZY312JEDV,1,MTS,01-10-2025,1,01-10-2025 19:22:42,HAY-10/2025 TIM-SBY
A,MAKANAN,12,20 DC,DEPO 4,A,QIKZ293SUHA,1,MTB,29-09-2025,1,29-09-2025 12:45:00,LUZ-14/2025 SBY-SRI
B,-,12,20 DC,DEPO 4,-,-,1,-,-,1,-,-
E,-,12,20 DC,DEPO 4,-,-,1,-,-,1,-,-
C,-,12,20 DC,DEPO 4,-,-,1,-,-,1,-,-
F,-,12,20 DC,DEPO 4,-,-,1,-,-,1,-,-
D,-,12,20 DC,DEPO 4,-,-,1,-,-,1,-,-
I,-,12,20 DC,DEPO 4,-,-,1,-,-,1,-,-
H,-,12,20 DC,DEPO 4,-,-,1,-,-,1,-,-
G,-,13,20 DC,DEPO 4,-,-,1,-,-,1,-,-
A,-,13,20 DC,DEPO 4,-,-,1,-,-,1,-,-
E,-,13,20 DC,DEPO 4,-,-,1,-,-,1,-,-
F,-,13,20 DC,DEPO 4,-,-,1,-,-,1,-,-
D,-,13,20 DC,DEPO 4,-,-,1,-,-,1,-,-
I,-,13,20 DC,DEPO 4,-,-,1,-,-,1,-,-
H,-,13,20 DC,DEPO 4,-,-,1,-,-,1,-,-
G,-,14,20 DC,DEPO 4,-,-,1,-,-,1,-,-
A,-,14,20 DC,DEPO 4,-,-,1,-,-,1,-,-
F,-,14,20 DC,DEPO 4,-,-,1,-,-,1,-,-
H,-,14,20 DC,DEPO 4,-,-,1,-,-,1,-,-
I,-,14,20 DC,DEPO 4,-,-,1,-,-,1,-,-
G,KONTAINER KOSONG (COC),15,20 DC,DEPO 4,A,CWBL293DMOX,1,MTS,01-10-2025,1,01-10-2025 19:21:59,OJA-12/2025 SRG-SBY
A,KONTAINER KOSONG (COC),15,20 DC,DEPO 4,A,ZMAG296EXAP,1,MTS,02-10-2025,1,02-10-2025 01:27:03,HAY-10/2025 TIM-SBY
F,-,15,20 DC,DEPO 4,-,-,1,-,-,1,-,-
H,TRIPLEK,15,20 DC,DEPO 4,B,FEOQ283TWHH,1,MTB,13-09-2025,1,13-09-2025 11:38:20,PAH-32/2025 SBY-TGK
I,-,15,20 DC,DEPO 4,-,-,1,-,-,1,-,-
A,-,16,20 DC,DEPO 4,-,-,1,-,-,1,-,-
H,-,16,20 DC,DEPO 4,-,-,1,-,-,1,-,-
I,-,16,20 DC,DEPO 4,-,-,1,-,-,1,-,-
H,-,17,20 DC,DEPO 4,-,-,1,-,-,1,-,-
I,-,17,20 DC,DEPO 4,-,-,1,-,-,1,-,-
H,-,18,20 DC,DEPO 4,-,-,1,-,-,1,-,-
I,-,18,20 DC,DEPO 4,-,-,1,-,-,1,-,-
H,-,19,20 DC,DEPO 4,-,-,1,-,-,1,-,-
I,-,19,20 DC,DEPO 4,-,-,1,-,-,1,-,-
H,-,20,20 DC,DEPO 4,-,-,1,-,-,1,-,-
I,-,20,20 DC,DEPO 4,-,-,1,-,-,1,-,-
H,PUPUK,21,20 DC,DEPO 4,B,GCKK285MPTO,1,MTB,01-10-2025,1,01-10-2025 14:27:55,PAH-32/2025 SBY-TGK
I,-,21,20 DC,DEPO 4,-,-,1,-,-,1,-,-
H,-,22,20 DC,DEPO 4,-,-,1,-,-,1,-,-
I,-,22,20 DC,DEPO 4,-,-,1,-,-,1,-,-
H,-,23,20 DC,DEPO 4,-,-,1,-,-,1,-,-
I,-,23,20 DC,DEPO 4,-,-,1,-,-,1,-,-
H,MAKANAN,24,20 DC,DEPO 4,A,CCJV295UTUC,1,FTL,30-09-2025,1,30-09-2025 16:40:30,PAH-32/2025 SBY-TGK
I,-,24,20 DC,DEPO 4,-,-,1,-,-,1,-,-
H,-,25,20 DC,DEPO 4,-,-,1,-,-,1,-,-
I,-,25,20 DC,DEPO 4,-,-,1,-,-,1,-,-
I,KONTAINER KOSONG (COC),26,20 DC,DEPO 4,A,HFNM310ATLY,1,MTS,30-09-2025,1,30-09-2025 22:09:57,OGO-13/2025 JYP-JKT
I,-,27,20 DC,DEPO 4,-,-,1,-,-,1,-,-
I,KOSMETIK,28,20 DC,DEPO 4,A,ZSRB292DDQQ,1,MTB,27-09-2025,1,27-09-2025 11:15:26,TFL-26/2025 SBY-KDR
I,-,29,20 DC,DEPO 4,-,-,1,-,-,1,-,-
I,-,30,20 DC,DEPO 4,-,-,1,-,-,1,-,-
I,-,31,20 DC,DEPO 4,-,-,1,-,-,1,-,-
I,-,32,20 DC,DEPO 4,-,-,1,-,-,1,-,-
I,-,33,20 DC,DEPO 4,-,-,1,-,-,1,-,-
I,-,34,20 DC,DEPO 4,-,-,1,-,-,1,-,-
I,KONTAINER KOSONG (COC),35,20 DC,DEPO 4,B,PVAR285WGXI,1,MTS,02-10-2025,1,02-10-2025 01:51:18,RAT-32/2025 SDA-SBY
I,ELEKTRONIK,36,20 DC,DEPO 4,A,GEDU294EJIB,1,FTL,01-10-2025,1,01-10-2025 19:19:12,OGA-16/2025 SBY-TUA
HS,-,1,20 DC,DEPO 4,-,-,2,-,-,1,-,-
J,-,1,20 DC,DEPO 4,-,-,2,-,-,1,-,-
FG,-,1,20 DC,DEPO 4,-,-,2,-,-,1,-,-
FG,-,2,20 DC,DEPO 4,-,-,2,-,-,1,-,-
HS,-,2,20 DC,DEPO 4,-,-,2,-,-,1,-,-
J,KONTAINER KOSONG (COC),2,20 DC,DEPO 4,A,AIPM297EEOW,2,MTS,30-09-2025,1,30-09-2025 22:08:08,PFA-17/2025 BRU-SBY
FG,-,3,20 DC,DEPO 4,-,-,2,-,-,1,-,-
HS,-,3,20 DC,DEPO 4,-,-,2,-,-,1,-,-
DE,-,3,20 DC,DEPO 4,-,-,2,-,-,1,-,-
J,-,3,20 DC,DEPO 4,-,-,2,-,-,1,-,-
J,-,4,20 DC,DEPO 4,-,-,2,-,-,1,-,-
HS,-,4,20 DC,DEPO 4,-,-,2,-,-,1,-,-
FG,-,4,20 DC,DEPO 4,-,-,2,-,-,1,-,-
DE,-,4,20 DC,DEPO 4,-,-,2,-,-,1,-,-
J,-,5,20 DC,DEPO 4,-,-,2,-,-,1,-,-
FG,-,5,20 DC,DEPO 4,-,-,2,-,-,1,-,-
DE,-,5,20 DC,DEPO 4,-,-,2,-,-,1,-,-
J,-,6,20 DC,DEPO 4,-,-,2,-,-,1,-,-
DE,-,6,20 DC,DEPO 4,-,-,2,-,-,1,-,-
J,-,7,20 DC,DEPO 4,-,-,2,-,-,1,-,-
J,-,8,20 DC,DEPO 4,-,-,2,-,-,1,-,-
J,KONTAINER KOSONG (COC),9,20 DC,DEPO 4,A,XDEN312CQZY,2,MTS,30-09-2025,1,30-09-2025 22:10:16,REN-30/2025 BMS-SBY
J,-,10,20 DC,DEPO 4,-,-,2,-,-,1,-,-
DE,-,1,20 DC,DEPO 4,-,-,3,-,-,1,-,-
HS,-,1,20 DC,DEPO 4,-,-,3,-,-,1,-,-
J,KONTAINER KOSONG (COC),1,20 DC,DEPO 4,A,VUOH299DXRY,3,MTS,02-10-2025,1,02-10-2025 07:42:50,REN-32/2025 SDA-SBY
FG,-,1,20 DC,DEPO 4,-,-,3,-,-,1,-,-
J,-,2,20 DC,DEPO 4,-,-,3,-,-,1,-,-
DE,-,2,20 DC,DEPO 4,-,-,3,-,-,1,-,-
HS,-,2,20 DC,DEPO 4,-,-,3,-,-,1,-,-
FG,-,2,20 DC,DEPO 4,-,-,3,-,-,1,-,-
HS,-,3,20 DC,DEPO 4,-,-,3,-,-,1,-,-
J,-,3,20 DC,DEPO 4,-,-,3,-,-,1,-,-
FG,-,3,20 DC,DEPO 4,-,-,3,-,-,1,-,-
DE,-,3,20 DC,DEPO 4,-,-,3,-,-,1,-,-
DE,-,4,20 DC,DEPO 4,-,-,3,-,-,1,-,-
J,KONTAINER KOSONG (COC),4,20 DC,DEPO 4,A,FINK310CZXX,3,MTS,30-09-2025,1,30-09-2025 22:09:33,REN-30/2025 BMS-SBY
HS,-,4,20 DC,DEPO 4,-,-,3,-,-,1,-,-
FG,-,4,20 DC,DEPO 4,-,-,3,-,-,1,-,-
J,-,5,20 DC,DEPO 4,-,-,3,-,-,1,-,-
FG,-,5,20 DC,DEPO 4,-,-,3,-,-,1,-,-
DE,-,5,20 DC,DEPO 4,-,-,3,-,-,1,-,-
J,-,6,20 DC,DEPO 4,-,-,3,-,-,1,-,-
DE,-,6,20 DC,DEPO 4,-,-,3,-,-,1,-,-
J,-,7,20 DC,DEPO 4,-,-,3,-,-,1,-,-
J,KONTAINER KOSONG (COC),8,20 DC,DEPO 4,A,IBCB307BUHS,3,MTS,30-09-2025,1,30-09-2025 22:09:12,KAA-24/2025 GTO-SBY
J,-,9,20 DC,DEPO 4,-,-,3,-,-,1,-,-
J,-,10,20 DC,DEPO 4,-,-,3,-,-,1,-,-
DE,-,1,20 DC,DEPO 4,-,-,4,-,-,1,-,-
FG,-,1,20 DC,DEPO 4,-,-,4,-,-,1,-,-
J,KONTAINER KOSONG (COC),1,20 DC,DEPO 4,A,CKFT295YAMG,4,MTS,29-09-2025,1,29-09-2025 06:24:31,PAH-26/2025 BAU-MKS
DE,-,2,20 DC,DEPO 4,-,-,4,-,-,1,-,-
J,-,2,20 DC,DEPO 4,-,-,4,-,-,1,-,-
FG,-,2,20 DC,DEPO 4,-,-,4,-,-,1,-,-
J,-,3,20 DC,DEPO 4,-,-,4,-,-,1,-,-
DE,-,3,20 DC,DEPO 4,-,-,4,-,-,1,-,-
FG,-,3,20 DC,DEPO 4,-,-,4,-,-,1,-,-
FG,-,4,20 DC,DEPO 4,-,-,4,-,-,1,-,-
DE,-,4,20 DC,DEPO 4,-,-,4,-,-,1,-,-
J,-,4,20 DC,DEPO 4,-,-,4,-,-,1,-,-
J,-,5,20 DC,DEPO 4,-,-,4,-,-,1,-,-
FG,-,5,20 DC,DEPO 4,-,-,4,-,-,1,-,-
DE,-,5,20 DC,DEPO 4,-,-,4,-,-,1,-,-
J,-,6,20 DC,DEPO 4,-,-,4,-,-,1,-,-
DE,-,6,20 DC,DEPO 4,-,-,4,-,-,1,-,-
J,KONTAINER KOSONG (COC),7,20 DC,DEPO 4,A,TNWE299ARNR,4,MTS,29-09-2025,1,29-09-2025 06:25:51,PAH-26/2025 BAU-MKS
J,-,8,20 DC,DEPO 4,-,-,4,-,-,1,-,-
J,KONTAINER KOSONG (COC),9,20 DC,DEPO 4,A,ZDCY298PYAD,4,MTS,29-09-2025,1,29-09-2025 06:25:33,PFA-17/2025 BRU-SBY
J,-,10,20 DC,DEPO 4,-,-,4,-,-,1,-,-
DE,-,1,20 DC,DEPO 4,-,-,5,-,-,1,-,-
FG,-,1,20 DC,DEPO 4,-,-,5,-,-,1,-,-
J,-,1,20 DC,DEPO 4,-,-,5,-,-,1,-,-
DE,-,2,20 DC,DEPO 4,-,-,5,-,-,1,-,-
J,-,2,20 DC,DEPO 4,-,-,5,-,-,1,-,-
FG,-,2,20 DC,DEPO 4,-,-,5,-,-,1,-,-
J,-,3,20 DC,DEPO 4,-,-,5,-,-,1,-,-
DE,-,3,20 DC,DEPO 4,-,-,5,-,-,1,-,-
FG,-,3,20 DC,DEPO 4,-,-,5,-,-,1,-,-
FG,-,4,20 DC,DEPO 4,-,-,5,-,-,1,-,-
DE,-,4,20 DC,DEPO 4,-,-,5,-,-,1,-,-
J,-,4,20 DC,DEPO 4,-,-,5,-,-,1,-,-
J,-,5,20 DC,DEPO 4,-,-,5,-,-,1,-,-
FG,-,5,20 DC,DEPO 4,-,-,5,-,-,1,-,-
DE,-,5,20 DC,DEPO 4,-,-,5,-,-,1,-,-
J,-,6,20 DC,DEPO 4,-,-,5,-,-,1,-,-
DE,-,6,20 DC,DEPO 4,-,-,5,-,-,1,-,-
J,-,7,20 DC,DEPO 4,-,-,5,-,-,1,-,-
J,-,8,20 DC,DEPO 4,-,-,5,-,-,1,-,-
J,-,9,20 DC,DEPO 4,-,-,5,-,-,1,-,-
J,-,10,20 DC,DEPO 4,-,-,5,-,-,1,-,-
E,-,1,20 DC,DEPO 4,-,-,1,-,-,2,-,-
DE,-,1,20 DC,DEPO 4,-,-,1,-,-,2,-,-
A,-,1,20 DC,DEPO 4,-,-,1,-,-,2,-,-
D,-,1,20 DC,DEPO 4,-,-,1,-,-,2,-,-
G,-,1,20 DC,DEPO 4,-,-,1,-,-,2,-,-
F1,-,1,20 DC,DEPO 4,-,-,1,-,-,2,-,-
F,TALI PLASTIK,1,20 DC,DEPO 4,A,ZXPK299UNWV,1,FTL,30-09-2025,2,30-09-2025 15:00:55,OGA-16/2025 SBY-TUA
RR,-,1,20 DC,DEPO 4,-,-,1,-,-,2,-,-
H,KERAMIK,1,20 DC,DEPO 4,C,HAQD271UOFE,1,FTL,01-10-2025,2,01-10-2025 17:05:09,TFL-26/2025 SBY-BAU
FG,-,1,20 DC,DEPO 4,-,-,1,-,-,2,-,-
J,KONTAINER KOSONG (COC),1,20 DC,DEPO 4,A,RDFC302CQKV,1,MTS,02-10-2025,2,02-10-2025 07:42:25,REN-32/2025 SDA-SBY
HS,-,1,20 DC,DEPO 4,-,-,1,-,-,2,-,-
B,MAKANAN,1,20 DC,DEPO 4,A,UHZR298FXWU,1,FTL,01-10-2025,2,01-10-2025 19:08:27,OGA-16/2025 SBY-SRG
C,-,1,20 DC,DEPO 4,-,-,1,-,-,2,-,-
I,-,1,20 DC,DEPO 4,-,-,1,-,-,2,-,-
E,-,2,20 DC,DEPO 4,-,-,1,-,-,2,-,-
DE,-,2,20 DC,DEPO 4,-,-,1,-,-,2,-,-
A,-,2,20 DC,DEPO 4,-,-,1,-,-,2,-,-
D,-,2,20 DC,DEPO 4,-,-,1,-,-,2,-,-
G,-,2,20 DC,DEPO 4,-,-,1,-,-,2,-,-
F1,-,2,20 DC,DEPO 4,-,-,1,-,-,2,-,-
I,KERAMIK,2,20 DC,DEPO 4,B,SJJB286PBED,1,MTB,24-09-2025,2,24-09-2025 10:55:41,APE-16/2025 SBY-TTE
F,-,2,20 DC,DEPO 4,-,-,1,-,-,2,-,-
RR,-,2,20 DC,DEPO 4,-,-,1,-,-,2,-,-
H,KERAMIK,2,20 DC,DEPO 4,B,NYIO280IBFA,1,FTL,01-10-2025,2,01-10-2025 17:05:08,TFL-26/2025 SBY-BAU
FG,-,2,20 DC,DEPO 4,-,-,1,-,-,2,-,-
J,KONTAINER KOSONG (COC),2,20 DC,DEPO 4,A,IEVO301SBBA,1,MTS,01-10-2025,2,01-10-2025 08:20:18,PRI-25/2025 BRU-SBY
HS,-,2,20 DC,DEPO 4,-,-,1,-,-,2,-,-
B,-,2,20 DC,DEPO 4,-,-,1,-,-,2,-,-
C,-,2,20 DC,DEPO 4,-,-,1,-,-,2,-,-
E,BESI,3,20 DC,DEPO 4,C,TBGY273ZRRD,1,FTL,29-09-2025,2,29-09-2025 17:25:10,OGA-16/2025 SBY-TUA
DE,-,3,20 DC,DEPO 4,-,-,1,-,-,2,-,-
A,-,3,20 DC,DEPO 4,-,-,1,-,-,2,-,-
D,-,3,20 DC,DEPO 4,-,-,1,-,-,2,-,-
G,KONTAINER KOSONG (COC),3,20 DC,DEPO 4,B,MBHZ278SKHA,1,MNA,10-02-2025,2,10-02-2025 21:52:32,LUZ-15/2023 SRI-SBY
F1,-,3,20 DC,DEPO 4,-,-,1,-,-,2,-,-
I,-,3,20 DC,DEPO 4,-,-,1,-,-,2,-,-
F,-,3,20 DC,DEPO 4,-,-,1,-,-,2,-,-
RR,-,3,20 DC,DEPO 4,-,-,1,-,-,2,-,-
H,KERAMIK,3,20 DC,DEPO 4,B,ZLFB285TATI,1,FTL,01-10-2025,2,01-10-2025 17:05:10,TFL-26/2025 SBY-BAU
FG,-,3,20 DC,DEPO 4,-,-,1,-,-,2,-,-
J,-,3,20 DC,DEPO 4,-,-,1,-,-,2,-,-
HS,-,3,20 DC,DEPO 4,-,-,1,-,-,2,-,-
B,ELEKTRONIK,3,20 DC,DEPO 4,A,XUDI296ROXE,1,FTL,01-10-2025,2,01-10-2025 20:15:49,OGA-16/2025 SBY-TUA
C,-,3,20 DC,DEPO 4,-,-,1,-,-,2,-,-
E,ALAT TULIS KANTOR,4,20 DC,DEPO 4,A,PMEP299BALN,1,FTL,30-09-2025,2,30-09-2025 15:46:03,OGA-16/2025 SBY-TUA
A,MAKANAN,4,20 DC,DEPO 4,A,TMFJ290FNND,1,FTL,01-10-2025,2,01-10-2025 10:30:51,OGA-16/2025 SBY-AMB
D,-,4,20 DC,DEPO 4,-,-,1,-,-,2,-,-
FG,-,4,20 DC,DEPO 4,-,-,1,-,-,2,-,-
G,-,4,20 DC,DEPO 4,-,-,1,-,-,2,-,-
F1,-,4,20 DC,DEPO 4,-,-,1,-,-,2,-,-
I,-,4,20 DC,DEPO 4,-,-,1,-,-,2,-,-
F,-,4,20 DC,DEPO 4,-,-,1,-,-,2,-,-
RR,-,4,20 DC,DEPO 4,-,-,1,-,-,2,-,-
H,-,4,20 DC,DEPO 4,-,-,1,-,-,2,-,-
HS,-,4,20 DC,DEPO 4,-,-,1,-,-,2,-,-
DE,-,4,20 DC,DEPO 4,-,-,1,-,-,2,-,-
B,-,4,20 DC,DEPO 4,-,-,1,-,-,2,-,-
C,-,4,20 DC,DEPO 4,-,-,1,-,-,2,-,-
E,LEM DG,5,21 DC,DEPO 4,C,ZRET210TBBO,1,FTL,30-09-2025,2,30-09-2025 10:49:26,OGA-16/2025 SBY-TUA
A,CAT MINYAK,5,20 DC,DEPO 4,A,VEGK291XTTS,1,FTL,01-10-2025,2,01-10-2025 19:19:11,OGA-16/2025 SBY-TUA
D,-,5,20 DC,DEPO 4,-,-,1,-,-,2,-,-
FG,-,5,20 DC,DEPO 4,-,-,1,-,-,2,-,-
G,-,5,20 DC,DEPO 4,-,-,1,-,-,2,-,-
F1,-,5,20 DC,DEPO 4,-,-,1,-,-,2,-,-
I,-,5,20 DC,DEPO 4,-,-,1,-,-,2,-,-
F,BAHAN BANGUNAN,5,20 DC,DEPO 4,B,HIOM289JIYU,1,FTL,29-09-2025,2,29-09-2025 13:18:07,OGA-16/2025 SBY-TUA
RR,-,5,20 DC,DEPO 4,-,-,1,-,-,2,-,-
H,-,5,20 DC,DEPO 4,-,-,1,-,-,2,-,-
DE,-,5,20 DC,DEPO 4,-,-,1,-,-,2,-,-
B,-,5,20 DC,DEPO 4,-,-,1,-,-,2,-,-
C,-,5,20 DC,DEPO 4,-,-,1,-,-,2,-,-
E,-,6,20 DC,DEPO 4,-,-,1,-,-,2,-,-
A,-,6,20 DC,DEPO 4,-,-,1,-,-,2,-,-
D,-,6,20 DC,DEPO 4,-,-,1,-,-,2,-,-
DE,-,6,20 DC,DEPO 4,-,-,1,-,-,2,-,-
J,-,6,20 DC,DEPO 4,-,-,1,-,-,2,-,-
G,BESI BETON,6,20 DC,DEPO 4,B,ZAAV276IYXO,1,FTL,30-09-2025,2,30-09-2025 11:37:53,BKU-29/2025 SBY-PAL
I,PIPA,6,20 DC,DEPO 4,B,HBEU287VNCD,1,FTL,26-09-2025,2,26-09-2025 18:07:44,OGA-16/2025 SBY-JYP
F,-,6,20 DC,DEPO 4,-,-,1,-,-,2,-,-
RR,-,6,20 DC,DEPO 4,-,-,1,-,-,2,-,-
H,BESI BETON,6,20 DC,DEPO 4,C,CIHY275SZSG,1,FTL,30-09-2025,2,30-09-2025 16:19:50,BKU-29/2025 SBY-PAL
B,MAKANAN,6,20 DC,DEPO 4,A,NJPQ293QEDS,1,FTL,01-10-2025,2,01-10-2025 19:08:25,OGA-16/2025 SBY-AMB
C,-,6,20 DC,DEPO 4,-,-,1,-,-,2,-,-
E,-,7,20 DC,DEPO 4,-,-,1,-,-,2,-,-
A,-,7,20 DC,DEPO 4,-,-,1,-,-,2,-,-
D,-,7,20 DC,DEPO 4,-,-,1,-,-,2,-,-
G,KERAMIK,7,20 DC,DEPO 4,B,ZSWN287FRUJ,1,FTL,01-10-2025,2,01-10-2025 17:05:10,TFL-26/2025 SBY-BAU
I,-,7,20 DC,DEPO 4,-,-,1,-,-,2,-,-
F,-,7,20 DC,DEPO 4,-,-,1,-,-,2,-,-
RR,-,7,20 DC,DEPO 4,-,-,1,-,-,2,-,-
H,-,7,20 DC,DEPO 4,-,-,1,-,-,2,-,-
B,MAKANAN,7,20 DC,DEPO 4,B,EUST287PBAY,1,FTL,01-10-2025,2,01-10-2025 20:15:49,OGA-16/2025 SBY-TUA
C,-,7,20 DC,DEPO 4,-,-,1,-,-,2,-,-
E,-,8,20 DC,DEPO 4,-,-,1,-,-,2,-,-
A,MAKANAN,8,20 DC,DEPO 4,A,GEOA294XIOR,1,FTL,01-10-2025,2,01-10-2025 19:08:27,OGA-16/2025 SBY-SRG
F,LEM DG,8,20 DC,DEPO 4,B,MOET281EAXC,1,FTL,01-10-2025,2,01-10-2025 15:02:35,ODI-15/2025 SBY-TUA
D,-,8,20 DC,DEPO 4,-,-,1,-,-,2,-,-
G,-,8,20 DC,DEPO 4,-,-,1,-,-,2,-,-
I,MAKANAN,8,20 DC,DEPO 4,A,ZRPT300XMYY,1,FTL,29-09-2025,2,29-09-2025 17:12:32,OGA-16/2025 SBY-JYP
H,BESI BETON,8,20 DC,DEPO 4,B,QJUY279INYG,1,FTL,01-10-2025,2,01-10-2025 11:05:33,BKU-29/2025 SBY-PAL
B,-,8,20 DC,DEPO 4,-,-,1,-,-,2,-,-
C,-,8,20 DC,DEPO 4,-,-,1,-,-,2,-,-
E,KERAMIK,9,20 DC,DEPO 4,B,MPZA288PBPU,1,FTL,01-10-2025,2,01-10-2025 15:02:34,ODI-15/2025 SBY-TUA
A,-,9,20 DC,DEPO 4,-,-,1,-,-,2,-,-
F,-,9,20 DC,DEPO 4,-,-,1,-,-,2,-,-
D,TEPUNG,9,20 DC,DEPO 4,A,XPTB309TGOU,1,FTL,25-09-2025,2,25-09-2025 19:05:01,OGA-16/2025 SBY-JYP
G,-,9,20 DC,DEPO 4,-,-,1,-,-,2,-,-
J,-,9,20 DC,DEPO 4,-,-,1,-,-,2,-,-
I,-,9,20 DC,DEPO 4,-,-,1,-,-,2,-,-
H,-,9,20 DC,DEPO 4,-,-,1,-,-,2,-,-
B,-,9,20 DC,DEPO 4,-,-,1,-,-,2,-,-
C,-,9,20 DC,DEPO 4,-,-,1,-,-,2,-,-
E,-,10,20 DC,DEPO 4,-,-,1,-,-,2,-,-
A,MINUMAN,10,20 DC,DEPO 4,A,BTZB305YBMA,1,FTL,29-09-2025,2,29-09-2025 17:12:32,OGA-16/2025 SBY-JYP
F,-,10,20 DC,DEPO 4,-,-,1,-,-,2,-,-
D,-,10,20 DC,DEPO 4,-,-,1,-,-,2,-,-
G,BERAS,10,20 DC,DEPO 4,A,IVYS307ODNG,1,FTL,30-09-2025,2,30-09-2025 15:20:05,OGA-16/2025 SBY-JYP
J,-,10,20 DC,DEPO 4,-,-,1,-,-,2,-,-
I,-,10,20 DC,DEPO 4,-,-,1,-,-,2,-,-
H,-,10,20 DC,DEPO 4,-,-,1,-,-,2,-,-
B,-,10,20 DC,DEPO 4,-,-,1,-,-,2,-,-
C,-,10,20 DC,DEPO 4,-,-,1,-,-,2,-,-
G,-,11,20 DC,DEPO 4,-,-,1,-,-,2,-,-
E,-,11,20 DC,DEPO 4,-,-,1,-,-,2,-,-
B,-,11,20 DC,DEPO 4,-,-,1,-,-,2,-,-
A,-,11,20 DC,DEPO 4,-,-,1,-,-,2,-,-
C,-,11,20 DC,DEPO 4,-,-,1,-,-,2,-,-
F,-,11,20 DC,DEPO 4,-,-,1,-,-,2,-,-
D,-,11,20 DC,DEPO 4,-,-,1,-,-,2,-,-
I,-,11,20 DC,DEPO 4,-,-,1,-,-,2,-,-
H,-,11,20 DC,DEPO 4,-,-,1,-,-,2,-,-
G,-,12,20 DC,DEPO 4,-,-,1,-,-,2,-,-
A,-,12,20 DC,DEPO 4,-,-,1,-,-,2,-,-
B,-,12,20 DC,DEPO 4,-,-,1,-,-,2,-,-
E,-,12,20 DC,DEPO 4,-,-,1,-,-,2,-,-
C,-,12,20 DC,DEPO 4,-,-,1,-,-,2,-,-
F,-,12,20 DC,DEPO 4,-,-,1,-,-,2,-,-
D,-,12,20 DC,DEPO 4,-,-,1,-,-,2,-,-
I,BAHAN BANGUNAN,12,20 DC,DEPO 4,B,JZMH277LXPJ,1,FTL,23-09-2025,2,23-09-2025 14:39:15,OGA-16/2025 SBY-TUA
H,KERAMIK,12,20 DC,DEPO 4,C,ZHMN271EXJF,1,FTL,01-10-2025,2,01-10-2025 17:05:08,TFL-26/2025 SBY-BAU
G,TEPUNG,13,20 DC,DEPO 4,A,HHCK317NEYR,1,FTL,01-10-2025,2,01-10-2025 21:05:54,APE-16/2025 SBY-TTE
A,-,13,20 DC,DEPO 4,-,-,1,-,-,2,-,-
E,-,13,20 DC,DEPO 4,-,-,1,-,-,2,-,-
F,-,13,20 DC,DEPO 4,-,-,1,-,-,2,-,-
D,-,13,20 DC,DEPO 4,-,-,1,-,-,2,-,-
H,BESI BETON,13,20 DC,DEPO 4,C,HMVP271BQTY,1,FTL,01-10-2025,2,01-10-2025 15:02:35,BKU-29/2025 SBY-PAL
I,-,13,20 DC,DEPO 4,-,-,1,-,-,2,-,-
G,KONTAINER KOSONG (COC),14,20 DC,DEPO 4,B,HPOI284GREG,1,MTS,01-10-2025,2,01-10-2025 19:20:00,HAN-09/2025 TIM-SBY
A,-,14,20 DC,DEPO 4,-,-,1,-,-,2,-,-
H,-,14,20 DC,DEPO 4,-,-,1,-,-,2,-,-
I,-,14,20 DC,DEPO 4,-,-,1,-,-,2,-,-
G,-,15,20 DC,DEPO 4,-,-,1,-,-,2,-,-
A,-,15,20 DC,DEPO 4,-,-,1,-,-,2,-,-
H,BESI BETON,15,20 DC,DEPO 4,B,LFUR277ADRO,1,FTL,01-10-2025,2,01-10-2025 15:02:36,BKU-29/2025 SBY-PAL
I,-,15,20 DC,DEPO 4,-,-,1,-,-,2,-,-
A,MINYAK GORENG,16,20 DC,DEPO 4,A,PCIP294YTKJ,1,FTL,01-10-2025,2,01-10-2025 20:15:50,OGA-16/2025 SBY-TUA
H,BAHAN BANGUNAN,16,20 DC,DEPO 4,B,MQGY288UBQJ,1,FTL,26-09-2025,2,26-09-2025 10:45:51,OGA-16/2025 SBY-AMB
I,KERAMIK,16,21 DC,DEPO 4,C,FSQJ210WPTT,1,FTL,30-09-2025,2,30-09-2025 15:20:06,OGA-16/2025 SBY-JYP
H,-,17,20 DC,DEPO 4,-,-,1,-,-,2,-,-
I,-,17,20 DC,DEPO 4,-,-,1,-,-,2,-,-
H,-,18,20 DC,DEPO 4,-,-,1,-,-,2,-,-
I,-,18,20 DC,DEPO 4,-,-,1,-,-,2,-,-
H,-,19,20 DC,DEPO 4,-,-,1,-,-,2,-,-
I,-,19,20 DC,DEPO 4,-,-,1,-,-,2,-,-
H,-,20,20 DC,DEPO 4,-,-,1,-,-,2,-,-
I,-,20,20 DC,DEPO 4,-,-,1,-,-,2,-,-
H,-,21,20 DC,DEPO 4,-,-,1,-,-,2,-,-
I,-,21,20 DC,DEPO 4,-,-,1,-,-,2,-,-
H,-,22,20 DC,DEPO 4,-,-,1,-,-,2,-,-
I,-,22,20 DC,DEPO 4,-,-,1,-,-,2,-,-
H,-,23,20 DC,DEPO 4,-,-,1,-,-,2,-,-
I,-,23,20 DC,DEPO 4,-,-,1,-,-,2,-,-
H,BERAS,24,20 DC,DEPO 4,A,INMR290OGDG,1,FTL,30-09-2025,2,30-09-2025 15:20:05,OGA-16/2025 SBY-JYP
I,MAKANAN,24,20 DC,DEPO 4,A,MTWG315MPNU,1,FTL,30-09-2025,2,30-09-2025 16:52:02,HAP-10/2025 SBY-TIM
H,-,25,20 DC,DEPO 4,-,-,1,-,-,2,-,-
I,-,25,20 DC,DEPO 4,-,-,1,-,-,2,-,-
I,-,26,20 DC,DEPO 4,-,-,1,-,-,2,-,-
I,-,27,20 DC,DEPO 4,-,-,1,-,-,2,-,-
I,-,28,20 DC,DEPO 4,-,-,1,-,-,2,-,-
I,-,29,20 DC,DEPO 4,-,-,1,-,-,2,-,-
I,OLI,30,20 DC,DEPO 4,A,XZQK292LHWH,1,FTL,01-10-2025,2,01-10-2025 17:42:04,BKU-29/2025 SBY-PAL
I,-,31,20 DC,DEPO 4,-,-,1,-,-,2,-,-
I,-,32,20 DC,DEPO 4,-,-,1,-,-,2,-,-
I,-,33,20 DC,DEPO 4,-,-,1,-,-,2,-,-
I,-,34,20 DC,DEPO 4,-,-,1,-,-,2,-,-
I,OLI,35,20 DC,DEPO 4,A,IWNC297AUHG,1,FTL,01-10-2025,2,01-10-2025 20:15:50,OGA-16/2025 SBY-TUA
I,AIR AKI,36,20 DC,DEPO 4,A,CQVT298URBO,1,FTL,01-10-2025,2,01-10-2025 16:48:32,BKU-29/2025 SBY-PAL
DE,-,1,20 DC,DEPO 4,-,-,2,-,-,2,-,-
HS,-,1,20 DC,DEPO 4,-,-,2,-,-,2,-,-
J,-,1,20 DC,DEPO 4,-,-,2,-,-,2,-,-
FG,-,1,20 DC,DEPO 4,-,-,2,-,-,2,-,-
FG,-,2,20 DC,DEPO 4,-,-,2,-,-,2,-,-
HS,-,2,20 DC,DEPO 4,-,-,2,-,-,2,-,-
DE,-,2,20 DC,DEPO 4,-,-,2,-,-,2,-,-
J,KONTAINER KOSONG (COC),2,20 DC,DEPO 4,A,BHDB307WHSF,2,MTS,01-10-2025,2,01-10-2025 08:21:39,HAY-10/2025 MKE-SBY
FG,-,3,20 DC,DEPO 4,-,-,2,-,-,2,-,-
HS,-,3,20 DC,DEPO 4,-,-,2,-,-,2,-,-
DE,-,3,20 DC,DEPO 4,-,-,2,-,-,2,-,-
J,-,3,20 DC,DEPO 4,-,-,2,-,-,2,-,-
J,-,4,20 DC,DEPO 4,-,-,2,-,-,2,-,-
HS,-,4,20 DC,DEPO 4,-,-,2,-,-,2,-,-
FG,-,4,20 DC,DEPO 4,-,-,2,-,-,2,-,-
DE,-,4,20 DC,DEPO 4,-,-,2,-,-,2,-,-
J,-,5,20 DC,DEPO 4,-,-,2,-,-,2,-,-
FG,-,5,20 DC,DEPO 4,-,-,2,-,-,2,-,-
DE,-,5,20 DC,DEPO 4,-,-,2,-,-,2,-,-
J,KONTAINER KOSONG (COC),6,20 DC,DEPO 4,A,DBOY314QZTQ,2,MTS,01-10-2025,2,01-10-2025 08:25:03,HAY-10/2025 MKE-SBY
DE,-,6,20 DC,DEPO 4,-,-,2,-,-,2,-,-
J,-,7,20 DC,DEPO 4,-,-,2,-,-,2,-,-
J,-,10,20 DC,DEPO 4,-,-,2,-,-,2,-,-
FG,-,1,20 DC,DEPO 4,-,-,3,-,-,2,-,-
DE,-,1,20 DC,DEPO 4,-,-,3,-,-,2,-,-
HS,-,1,20 DC,DEPO 4,-,-,3,-,-,2,-,-
J,KONTAINER KOSONG (COC),1,20 DC,DEPO 4,A,TFOC297YRBW,3,MTS,02-10-2025,2,02-10-2025 07:43:57,REN-32/2025 SDA-SBY
DE,-,2,20 DC,DEPO 4,-,-,3,-,-,2,-,-
FG,-,2,20 DC,DEPO 4,-,-,3,-,-,2,-,-
HS,-,2,20 DC,DEPO 4,-,-,3,-,-,2,-,-
J,-,2,20 DC,DEPO 4,-,-,3,-,-,2,-,-
FG,-,3,20 DC,DEPO 4,-,-,3,-,-,2,-,-
J,-,3,20 DC,DEPO 4,-,-,3,-,-,2,-,-
DE,-,3,20 DC,DEPO 4,-,-,3,-,-,2,-,-
HS,-,3,20 DC,DEPO 4,-,-,3,-,-,2,-,-
FG,-,4,20 DC,DEPO 4,-,-,3,-,-,2,-,-
J,-,4,20 DC,DEPO 4,-,-,3,-,-,2,-,-
HS,-,4,20 DC,DEPO 4,-,-,3,-,-,2,-,-
DE,-,4,20 DC,DEPO 4,-,-,3,-,-,2,-,-
DE,-,5,20 DC,DEPO 4,-,-,3,-,-,2,-,-
J,-,5,20 DC,DEPO 4,-,-,3,-,-,2,-,-
FG,-,5,20 DC,DEPO 4,-,-,3,-,-,2,-,-
DE,-,6,20 DC,DEPO 4,-,-,3,-,-,2,-,-
J,-,6,20 DC,DEPO 4,-,-,3,-,-,2,-,-
J,-,7,20 DC,DEPO 4,-,-,3,-,-,2,-,-
J,-,8,20 DC,DEPO 4,-,-,3,-,-,2,-,-
J,-,9,20 DC,DEPO 4,-,-,3,-,-,2,-,-
J,-,10,20 DC,DEPO 4,-,-,3,-,-,2,-,-
DE,-,1,20 DC,DEPO 4,-,-,4,-,-,2,-,-
FG,-,1,20 DC,DEPO 4,-,-,4,-,-,2,-,-
J,-,1,20 DC,DEPO 4,-,-,4,-,-,2,-,-
DE,-,2,20 DC,DEPO 4,-,-,4,-,-,2,-,-
J,-,2,20 DC,DEPO 4,-,-,4,-,-,2,-,-
FG,-,2,20 DC,DEPO 4,-,-,4,-,-,2,-,-
J,-,3,20 DC,DEPO 4,-,-,4,-,-,2,-,-
DE,-,3,20 DC,DEPO 4,-,-,4,-,-,2,-,-
FG,-,3,20 DC,DEPO 4,-,-,4,-,-,2,-,-
FG,-,4,20 DC,DEPO 4,-,-,4,-,-,2,-,-
DE,-,4,20 DC,DEPO 4,-,-,4,-,-,2,-,-
J,-,4,20 DC,DEPO 4,-,-,4,-,-,2,-,-
J,-,5,20 DC,DEPO 4,-,-,4,-,-,2,-,-
FG,-,5,20 DC,DEPO 4,-,-,4,-,-,2,-,-
DE,-,5,20 DC,DEPO 4,-,-,4,-,-,2,-,-
J,-,6,20 DC,DEPO 4,-,-,4,-,-,2,-,-
DE,-,6,20 DC,DEPO 4,-,-,4,-,-,2,-,-
J,-,7,20 DC,DEPO 4,-,-,4,-,-,2,-,-
J,-,8,20 DC,DEPO 4,-,-,4,-,-,2,-,-
J,-,9,20 DC,DEPO 4,-,-,4,-,-,2,-,-
J,-,10,20 DC,DEPO 4,-,-,4,-,-,2,-,-
DE,-,1,20 DC,DEPO 4,-,-,5,-,-,2,-,-
FG,-,1,20 DC,DEPO 4,-,-,5,-,-,2,-,-
J,-,1,20 DC,DEPO 4,-,-,5,-,-,2,-,-
DE,-,2,20 DC,DEPO 4,-,-,5,-,-,2,-,-
J,-,2,20 DC,DEPO 4,-,-,5,-,-,2,-,-
FG,-,2,20 DC,DEPO 4,-,-,5,-,-,2,-,-
J,-,3,20 DC,DEPO 4,-,-,5,-,-,2,-,-
DE,-,3,20 DC,DEPO 4,-,-,5,-,-,2,-,-
FG,-,3,20 DC,DEPO 4,-,-,5,-,-,2,-,-
FG,-,4,20 DC,DEPO 4,-,-,5,-,-,2,-,-
DE,-,4,20 DC,DEPO 4,-,-,5,-,-,2,-,-
J,-,4,20 DC,DEPO 4,-,-,5,-,-,2,-,-
J,-,5,20 DC,DEPO 4,-,-,5,-,-,2,-,-
FG,-,5,20 DC,DEPO 4,-,-,5,-,-,2,-,-
DE,-,5,20 DC,DEPO 4,-,-,5,-,-,2,-,-
J,-,6,20 DC,DEPO 4,-,-,5,-,-,2,-,-
DE,-,6,20 DC,DEPO 4,-,-,5,-,-,2,-,-
J,-,7,20 DC,DEPO 4,-,-,5,-,-,2,-,-
J,-,8,20 DC,DEPO 4,-,-,5,-,-,2,-,-
J,-,9,20 DC,DEPO 4,-,-,5,-,-,2,-,-
J,-,10,20 DC,DEPO 4,-,-,5,-,-,2,-,-
F1,-,1,20 DC,DEPO 4,-,-,1,-,-,3,-,-
G,-,1,20 DC,DEPO 4,-,-,1,-,-,3,-,-
A,-,1,20 DC,DEPO 4,-,-,1,-,-,3,-,-
D,-,1,20 DC,DEPO 4,-,-,1,-,-,3,-,-
E,-,1,20 DC,DEPO 4,-,-,1,-,-,3,-,-
FG,-,1,20 DC,DEPO 4,-,-,1,-,-,3,-,-
J,KONTAINER KOSONG (COC),1,20 DC,DEPO 4,A,DDHU308EXGE,1,MTS,02-10-2025,3,02-10-2025 07:41:57,REN-32/2025 SDA-SBY
HS,-,1,20 DC,DEPO 4,-,-,1,-,-,3,-,-
B,-,1,20 DC,DEPO 4,-,-,1,-,-,3,-,-
C,-,1,20 DC,DEPO 4,-,-,1,-,-,3,-,-
I,-,1,20 DC,DEPO 4,-,-,1,-,-,3,-,-
F,ELEKTRONIK,1,20 DC,DEPO 4,A,ACEM292ASUN,1,FTL,01-10-2025,3,01-10-2025 14:20:53,HAP-10/2025 SBY-TIM
RR,-,1,20 DC,DEPO 4,-,-,1,-,-,3,-,-
H,-,1,20 DC,DEPO 4,-,-,1,-,-,3,-,-
DE,-,1,20 DC,DEPO 4,-,-,1,-,-,3,-,-
G,-,2,20 DC,DEPO 4,-,-,1,-,-,3,-,-
F1,-,2,20 DC,DEPO 4,-,-,1,-,-,3,-,-
DE,-,2,20 DC,DEPO 4,-,-,1,-,-,3,-,-
A,-,2,20 DC,DEPO 4,-,-,1,-,-,3,-,-
D,-,2,20 DC,DEPO 4,-,-,1,-,-,3,-,-
E,-,2,20 DC,DEPO 4,-,-,1,-,-,3,-,-
FG,-,2,20 DC,DEPO 4,-,-,1,-,-,3,-,-
J,-,2,20 DC,DEPO 4,-,-,1,-,-,3,-,-
HS,-,2,20 DC,DEPO 4,-,-,1,-,-,3,-,-
B,-,2,20 DC,DEPO 4,-,-,1,-,-,3,-,-
C,-,2,20 DC,DEPO 4,-,-,1,-,-,3,-,-
I,-,2,20 DC,DEPO 4,-,-,1,-,-,3,-,-
F,-,2,20 DC,DEPO 4,-,-,1,-,-,3,-,-
RR,-,2,20 DC,DEPO 4,-,-,1,-,-,3,-,-
H,-,2,20 DC,DEPO 4,-,-,1,-,-,3,-,-
G,-,3,20 DC,DEPO 4,-,-,1,-,-,3,-,-
F1,-,3,20 DC,DEPO 4,-,-,1,-,-,3,-,-
DE,-,3,20 DC,DEPO 4,-,-,1,-,-,3,-,-
A,MAKANAN,3,20 DC,DEPO 4,A,FUNE299LVXE,1,FTL,01-10-2025,3,01-10-2025 19:08:26,OGA-16/2025 SBY-KAI
D,-,3,20 DC,DEPO 4,-,-,1,-,-,3,-,-
E,-,3,20 DC,DEPO 4,-,-,1,-,-,3,-,-
FG,-,3,20 DC,DEPO 4,-,-,1,-,-,3,-,-
J,KONTAINER KOSONG (COC),3,20 DC,DEPO 4,A,NIGU303WFKT,1,MTS,01-10-2025,3,01-10-2025 08:20:46,OJA-12/2025 SRG-SBY
HS,-,3,20 DC,DEPO 4,-,-,1,-,-,3,-,-
B,OLI,3,20 DC,DEPO 4,A,FXMX295OURX,1,FTL,01-10-2025,3,01-10-2025 19:19:12,OGA-16/2025 SBY-TUA
C,-,3,20 DC,DEPO 4,-,-,1,-,-,3,-,-
I,-,3,20 DC,DEPO 4,-,-,1,-,-,3,-,-
F,-,3,20 DC,DEPO 4,-,-,1,-,-,3,-,-
RR,-,3,20 DC,DEPO 4,-,-,1,-,-,3,-,-
H,-,3,20 DC,DEPO 4,-,-,1,-,-,3,-,-
G,-,4,20 DC,DEPO 4,-,-,1,-,-,3,-,-
F1,-,4,20 DC,DEPO 4,-,-,1,-,-,3,-,-
A,-,4,20 DC,DEPO 4,-,-,1,-,-,3,-,-
D,-,4,20 DC,DEPO 4,-,-,1,-,-,3,-,-
FG,-,4,20 DC,DEPO 4,-,-,1,-,-,3,-,-
E,TEPUNG,4,20 DC,DEPO 4,A,OGWQ307BPMS,1,FTL,29-09-2025,3,29-09-2025 11:57:53,TFL-26/2025 SBY-KDR
J,-,4,20 DC,DEPO 4,-,-,1,-,-,3,-,-
HS,-,4,20 DC,DEPO 4,-,-,1,-,-,3,-,-
DE,-,4,20 DC,DEPO 4,-,-,1,-,-,3,-,-
B,-,4,20 DC,DEPO 4,-,-,1,-,-,3,-,-
C,-,4,20 DC,DEPO 4,-,-,1,-,-,3,-,-
I,-,4,20 DC,DEPO 4,-,-,1,-,-,3,-,-
F,-,4,20 DC,DEPO 4,-,-,1,-,-,3,-,-
RR,-,4,20 DC,DEPO 4,-,-,1,-,-,3,-,-
H,-,4,20 DC,DEPO 4,-,-,1,-,-,3,-,-
G,-,5,20 DC,DEPO 4,-,-,1,-,-,3,-,-
F1,-,5,20 DC,DEPO 4,-,-,1,-,-,3,-,-
A,-,5,20 DC,DEPO 4,-,-,1,-,-,3,-,-
D,-,5,20 DC,DEPO 4,-,-,1,-,-,3,-,-
FG,-,5,20 DC,DEPO 4,-,-,1,-,-,3,-,-
E,-,5,20 DC,DEPO 4,-,-,1,-,-,3,-,-
DE,-,5,20 DC,DEPO 4,-,-,1,-,-,3,-,-
B,-,5,20 DC,DEPO 4,-,-,1,-,-,3,-,-
C,-,5,20 DC,DEPO 4,-,-,1,-,-,3,-,-
I,-,5,20 DC,DEPO 4,-,-,1,-,-,3,-,-
F,-,5,20 DC,DEPO 4,-,-,1,-,-,3,-,-
RR,-,5,20 DC,DEPO 4,-,-,1,-,-,3,-,-
H,-,5,20 DC,DEPO 4,-,-,1,-,-,3,-,-
J,BAHAN BANGUNAN,5,20 DC,DEPO 4,B,ABEG287ANLV,1,MTB,26-09-2025,3,26-09-2025 14:55:26,OGO-15/2025 SBY-AMB
G,-,6,20 DC,DEPO 4,-,-,1,-,-,3,-,-
A,-,6,20 DC,DEPO 4,-,-,1,-,-,3,-,-
D,-,6,20 DC,DEPO 4,-,-,1,-,-,3,-,-
DE,-,6,20 DC,DEPO 4,-,-,1,-,-,3,-,-
E,-,6,20 DC,DEPO 4,-,-,1,-,-,3,-,-
B,-,6,20 DC,DEPO 4,-,-,1,-,-,3,-,-
C,-,6,20 DC,DEPO 4,-,-,1,-,-,3,-,-
I,-,6,20 DC,DEPO 4,-,-,1,-,-,3,-,-
F,-,6,20 DC,DEPO 4,-,-,1,-,-,3,-,-
RR,-,6,20 DC,DEPO 4,-,-,1,-,-,3,-,-
H,-,6,20 DC,DEPO 4,-,-,1,-,-,3,-,-
G,-,7,20 DC,DEPO 4,-,-,1,-,-,3,-,-
A,-,7,20 DC,DEPO 4,-,-,1,-,-,3,-,-
D,-,7,20 DC,DEPO 4,-,-,1,-,-,3,-,-
E,-,7,20 DC,DEPO 4,-,-,1,-,-,3,-,-
B,-,7,20 DC,DEPO 4,-,-,1,-,-,3,-,-
C,-,7,20 DC,DEPO 4,-,-,1,-,-,3,-,-
I,-,7,20 DC,DEPO 4,-,-,1,-,-,3,-,-
F,-,7,20 DC,DEPO 4,-,-,1,-,-,3,-,-
RR,-,7,20 DC,DEPO 4,-,-,1,-,-,3,-,-
H,BAHAN BANGUNAN,7,20 DC,DEPO 4,B,FMXK284XPKD,1,MTB,01-10-2025,3,01-10-2025 08:56:18,OGO-15/2025 SBY-AMB
G,-,8,20 DC,DEPO 4,-,-,1,-,-,3,-,-
A,-,8,20 DC,DEPO 4,-,-,1,-,-,3,-,-
F,-,8,20 DC,DEPO 4,-,-,1,-,-,3,-,-
D,-,8,20 DC,DEPO 4,-,-,1,-,-,3,-,-
E,-,8,20 DC,DEPO 4,-,-,1,-,-,3,-,-
B,-,8,20 DC,DEPO 4,-,-,1,-,-,3,-,-
C,-,8,20 DC,DEPO 4,-,-,1,-,-,3,-,-
I,-,8,20 DC,DEPO 4,-,-,1,-,-,3,-,-
H,-,8,20 DC,DEPO 4,-,-,1,-,-,3,-,-
J,-,8,20 DC,DEPO 4,-,-,1,-,-,3,-,-
B,-,9,20 DC,DEPO 4,-,-,1,-,-,3,-,-
C,-,9,20 DC,DEPO 4,-,-,1,-,-,3,-,-
I,-,9,20 DC,DEPO 4,-,-,1,-,-,3,-,-
H,-,9,20 DC,DEPO 4,-,-,1,-,-,3,-,-
G,-,9,20 DC,DEPO 4,-,-,1,-,-,3,-,-
J,-,9,20 DC,DEPO 4,-,-,1,-,-,3,-,-
A,-,9,20 DC,DEPO 4,-,-,1,-,-,3,-,-
F,-,9,20 DC,DEPO 4,-,-,1,-,-,3,-,-
D,FURNITURE,9,20 DC,DEPO 4,A,EGYS291GVGX,1,FTL,27-09-2025,3,27-09-2025 12:32:57,OGA-16/2025 SBY-KAI
E,-,9,20 DC,DEPO 4,-,-,1,-,-,3,-,-
A,-,10,20 DC,DEPO 4,-,-,1,-,-,3,-,-
E,-,10,20 DC,DEPO 4,-,-,1,-,-,3,-,-
F,-,10,20 DC,DEPO 4,-,-,1,-,-,3,-,-
B,-,10,20 DC,DEPO 4,-,-,1,-,-,3,-,-
I,-,10,20 DC,DEPO 4,-,-,1,-,-,3,-,-
H,-,10,20 DC,DEPO 4,-,-,1,-,-,3,-,-
D,-,10,20 DC,DEPO 4,-,-,1,-,-,3,-,-
C,-,10,20 DC,DEPO 4,-,-,1,-,-,3,-,-
G,-,10,20 DC,DEPO 4,-,-,1,-,-,3,-,-
J,-,10,20 DC,DEPO 4,-,-,1,-,-,3,-,-
B,-,11,20 DC,DEPO 4,-,-,1,-,-,3,-,-
C,-,11,20 DC,DEPO 4,-,-,1,-,-,3,-,-
G,-,11,20 DC,DEPO 4,-,-,1,-,-,3,-,-
A,-,11,20 DC,DEPO 4,-,-,1,-,-,3,-,-
D,-,11,20 DC,DEPO 4,-,-,1,-,-,3,-,-
I,-,11,20 DC,DEPO 4,-,-,1,-,-,3,-,-
H,-,11,20 DC,DEPO 4,-,-,1,-,-,3,-,-
F,-,11,20 DC,DEPO 4,-,-,1,-,-,3,-,-
E,-,11,20 DC,DEPO 4,-,-,1,-,-,3,-,-
A,-,12,20 DC,DEPO 4,-,-,1,-,-,3,-,-
G,-,12,20 DC,DEPO 4,-,-,1,-,-,3,-,-
D,-,12,20 DC,DEPO 4,-,-,1,-,-,3,-,-
F,-,12,20 DC,DEPO 4,-,-,1,-,-,3,-,-
C,-,12,20 DC,DEPO 4,-,-,1,-,-,3,-,-
B,-,12,20 DC,DEPO 4,-,-,1,-,-,3,-,-
I,-,12,20 DC,DEPO 4,-,-,1,-,-,3,-,-
H,-,12,20 DC,DEPO 4,-,-,1,-,-,3,-,-
E,-,12,20 DC,DEPO 4,-,-,1,-,-,3,-,-
A,-,13,20 DC,DEPO 4,-,-,1,-,-,3,-,-
E,-,13,20 DC,DEPO 4,-,-,1,-,-,3,-,-
F,-,13,20 DC,DEPO 4,-,-,1,-,-,3,-,-
H,-,13,20 DC,DEPO 4,-,-,1,-,-,3,-,-
I,-,13,20 DC,DEPO 4,-,-,1,-,-,3,-,-
D,-,13,20 DC,DEPO 4,-,-,1,-,-,3,-,-
G,-,13,20 DC,DEPO 4,-,-,1,-,-,3,-,-
H,-,14,20 DC,DEPO 4,-,-,1,-,-,3,-,-
G,-,14,20 DC,DEPO 4,-,-,1,-,-,3,-,-
A,-,14,20 DC,DEPO 4,-,-,1,-,-,3,-,-
I,-,14,20 DC,DEPO 4,-,-,1,-,-,3,-,-
F,-,14,20 DC,DEPO 4,-,-,1,-,-,3,-,-
H,-,15,20 DC,DEPO 4,-,-,1,-,-,3,-,-
F,-,15,20 DC,DEPO 4,-,-,1,-,-,3,-,-
G,-,15,20 DC,DEPO 4,-,-,1,-,-,3,-,-
I,-,15,20 DC,DEPO 4,-,-,1,-,-,3,-,-
A,-,15,20 DC,DEPO 4,-,-,1,-,-,3,-,-
H,-,16,20 DC,DEPO 4,-,-,1,-,-,3,-,-
I,-,16,20 DC,DEPO 4,-,-,1,-,-,3,-,-
A,-,16,20 DC,DEPO 4,-,-,1,-,-,3,-,-
I,-,17,20 DC,DEPO 4,-,-,1,-,-,3,-,-
H,-,17,20 DC,DEPO 4,-,-,1,-,-,3,-,-
I,-,18,20 DC,DEPO 4,-,-,1,-,-,3,-,-
H,-,18,20 DC,DEPO 4,-,-,1,-,-,3,-,-
H,-,19,20 DC,DEPO 4,-,-,1,-,-,3,-,-
I,-,19,20 DC,DEPO 4,-,-,1,-,-,3,-,-
H,-,20,20 DC,DEPO 4,-,-,1,-,-,3,-,-
I,-,20,20 DC,DEPO 4,-,-,1,-,-,3,-,-
I,-,21,20 DC,DEPO 4,-,-,1,-,-,3,-,-
H,-,21,20 DC,DEPO 4,-,-,1,-,-,3,-,-
I,-,22,20 DC,DEPO 4,-,-,1,-,-,3,-,-
H,-,22,20 DC,DEPO 4,-,-,1,-,-,3,-,-
I,-,23,20 DC,DEPO 4,-,-,1,-,-,3,-,-
H,-,23,20 DC,DEPO 4,-,-,1,-,-,3,-,-
I,-,24,20 DC,DEPO 4,-,-,1,-,-,3,-,-
H,-,24,20 DC,DEPO 4,-,-,1,-,-,3,-,-
H,-,25,20 DC,DEPO 4,-,-,1,-,-,3,-,-
I,-,25,20 DC,DEPO 4,-,-,1,-,-,3,-,-
I,-,26,20 DC,DEPO 4,-,-,1,-,-,3,-,-
I,-,27,20 DC,DEPO 4,-,-,1,-,-,3,-,-
I,-,28,20 DC,DEPO 4,-,-,1,-,-,3,-,-
I,-,29,20 DC,DEPO 4,-,-,1,-,-,3,-,-
I,-,30,20 DC,DEPO 4,-,-,1,-,-,3,-,-
I,MINUMAN,31,20 DC,DEPO 4,A,QDYG311HQQE,1,FTL,27-09-2025,3,27-09-2025 14:20:02,TFL-26/2025 SBY-KDR
I,-,32,20 DC,DEPO 4,-,-,1,-,-,3,-,-
I,-,33,20 DC,DEPO 4,-,-,1,-,-,3,-,-
I,-,34,20 DC,DEPO 4,-,-,1,-,-,3,-,-
I,-,35,20 DC,DEPO 4,-,-,1,-,-,3,-,-
I,-,36,20 DC,DEPO 4,-,-,1,-,-,3,-,-
FG,-,1,20 DC,DEPO 4,-,-,2,-,-,3,-,-
J,-,1,20 DC,DEPO 4,-,-,2,-,-,3,-,-
DE,-,1,20 DC,DEPO 4,-,-,2,-,-,3,-,-
HS,-,1,20 DC,DEPO 4,-,-,2,-,-,3,-,-
J,KONTAINER KOSONG (COC),2,20 DC,DEPO 4,A,WPLK315RWRU,2,MTS,02-10-2025,3,02-10-2025 07:41:00,BAU-20/2025 BPN-SBY
FG,-,2,20 DC,DEPO 4,-,-,2,-,-,3,-,-
DE,-,2,20 DC,DEPO 4,-,-,2,-,-,3,-,-
HS,-,2,20 DC,DEPO 4,-,-,2,-,-,3,-,-
HS,-,3,20 DC,DEPO 4,-,-,2,-,-,3,-,-
FG,-,3,20 DC,DEPO 4,-,-,2,-,-,3,-,-
DE,-,3,20 DC,DEPO 4,-,-,2,-,-,3,-,-
J,-,3,20 DC,DEPO 4,-,-,2,-,-,3,-,-
FG,-,4,20 DC,DEPO 4,-,-,2,-,-,3,-,-
DE,-,4,20 DC,DEPO 4,-,-,2,-,-,3,-,-
HS,-,4,20 DC,DEPO 4,-,-,2,-,-,3,-,-
J,-,4,20 DC,DEPO 4,-,-,2,-,-,3,-,-
J,-,5,20 DC,DEPO 4,-,-,2,-,-,3,-,-
FG,-,5,20 DC,DEPO 4,-,-,2,-,-,3,-,-
DE,-,5,20 DC,DEPO 4,-,-,2,-,-,3,-,-
J,-,6,20 DC,DEPO 4,-,-,2,-,-,3,-,-
DE,-,6,20 DC,DEPO 4,-,-,2,-,-,3,-,-
J,-,7,20 DC,DEPO 4,-,-,2,-,-,3,-,-
J,-,8,20 DC,DEPO 4,-,-,2,-,-,3,-,-
J,-,9,20 DC,DEPO 4,-,-,2,-,-,3,-,-
J,-,10,20 DC,DEPO 4,-,-,2,-,-,3,-,-
DE,-,1,20 DC,DEPO 4,-,-,3,-,-,3,-,-
HS,-,1,20 DC,DEPO 4,-,-,3,-,-,3,-,-
FG,-,1,20 DC,DEPO 4,-,-,3,-,-,3,-,-
J,KONTAINER KOSONG (COC),1,20 DC,DEPO 4,A,KVOH297TFOY,3,MTS,02-10-2025,3,02-10-2025 07:44:20,HAY-10/2025 TIM-SBY
HS,-,2,20 DC,DEPO 4,-,-,3,-,-,3,-,-
J,-,2,20 DC,DEPO 4,-,-,3,-,-,3,-,-
FG,-,2,20 DC,DEPO 4,-,-,3,-,-,3,-,-
DE,-,2,20 DC,DEPO 4,-,-,3,-,-,3,-,-
J,KONTAINER KOSONG (COC),3,20 DC,DEPO 4,A,QLNO306IXWJ,3,MTS,01-10-2025,3,01-10-2025 08:21:15,PSM-26/2025 BMS-SBY
FG,-,3,20 DC,DEPO 4,-,-,3,-,-,3,-,-
HS,-,3,20 DC,DEPO 4,-,-,3,-,-,3,-,-
DE,-,3,20 DC,DEPO 4,-,-,3,-,-,3,-,-
FG,-,4,20 DC,DEPO 4,-,-,3,-,-,3,-,-
J,-,4,20 DC,DEPO 4,-,-,3,-,-,3,-,-
HS,-,4,20 DC,DEPO 4,-,-,3,-,-,3,-,-
DE,-,4,20 DC,DEPO 4,-,-,3,-,-,3,-,-
J,-,5,20 DC,DEPO 4,-,-,3,-,-,3,-,-
DE,-,5,20 DC,DEPO 4,-,-,3,-,-,3,-,-
FG,-,5,20 DC,DEPO 4,-,-,3,-,-,3,-,-
DE,-,6,20 DC,DEPO 4,-,-,3,-,-,3,-,-
J,-,6,20 DC,DEPO 4,-,-,3,-,-,3,-,-
J,-,7,20 DC,DEPO 4,-,-,3,-,-,3,-,-
J,-,10,20 DC,DEPO 4,-,-,3,-,-,3,-,-
DE,-,1,20 DC,DEPO 4,-,-,4,-,-,3,-,-
FG,-,1,20 DC,DEPO 4,-,-,4,-,-,3,-,-
J,-,1,20 DC,DEPO 4,-,-,4,-,-,3,-,-
DE,-,2,20 DC,DEPO 4,-,-,4,-,-,3,-,-
J,-,2,20 DC,DEPO 4,-,-,4,-,-,3,-,-
FG,-,2,20 DC,DEPO 4,-,-,4,-,-,3,-,-
DE,-,3,20 DC,DEPO 4,-,-,4,-,-,3,-,-
J,-,3,20 DC,DEPO 4,-,-,4,-,-,3,-,-
FG,-,3,20 DC,DEPO 4,-,-,4,-,-,3,-,-
J,-,4,20 DC,DEPO 4,-,-,4,-,-,3,-,-
FG,-,4,20 DC,DEPO 4,-,-,4,-,-,3,-,-
DE,-,4,20 DC,DEPO 4,-,-,4,-,-,3,-,-
DE,-,5,20 DC,DEPO 4,-,-,4,-,-,3,-,-
J,-,5,20 DC,DEPO 4,-,-,4,-,-,3,-,-
FG,-,5,20 DC,DEPO 4,-,-,4,-,-,3,-,-
DE,-,6,20 DC,DEPO 4,-,-,4,-,-,3,-,-
J,-,6,20 DC,DEPO 4,-,-,4,-,-,3,-,-
J,-,7,20 DC,DEPO 4,-,-,4,-,-,3,-,-
J,-,8,20 DC,DEPO 4,-,-,4,-,-,3,-,-
J,-,9,20 DC,DEPO 4,-,-,4,-,-,3,-,-
J,-,10,20 DC,DEPO 4,-,-,4,-,-,3,-,-
J,-,1,20 DC,DEPO 4,-,-,5,-,-,3,-,-
DE,-,1,20 DC,DEPO 4,-,-,5,-,-,3,-,-
FG,-,1,20 DC,DEPO 4,-,-,5,-,-,3,-,-
J,-,2,20 DC,DEPO 4,-,-,5,-,-,3,-,-
FG,-,2,20 DC,DEPO 4,-,-,5,-,-,3,-,-
DE,-,2,20 DC,DEPO 4,-,-,5,-,-,3,-,-
FG,-,3,20 DC,DEPO 4,-,-,5,-,-,3,-,-
DE,-,3,20 DC,DEPO 4,-,-,5,-,-,3,-,-
J,-,3,20 DC,DEPO 4,-,-,5,-,-,3,-,-
J,-,4,20 DC,DEPO 4,-,-,5,-,-,3,-,-
FG,-,4,20 DC,DEPO 4,-,-,5,-,-,3,-,-
DE,-,4,20 DC,DEPO 4,-,-,5,-,-,3,-,-
FG,-,5,20 DC,DEPO 4,-,-,5,-,-,3,-,-
J,-,5,20 DC,DEPO 4,-,-,5,-,-,3,-,-
DE,-,5,20 DC,DEPO 4,-,-,5,-,-,3,-,-
J,-,6,20 DC,DEPO 4,-,-,5,-,-,3,-,-
DE,-,6,20 DC,DEPO 4,-,-,5,-,-,3,-,-
J,-,7,20 DC,DEPO 4,-,-,5,-,-,3,-,-
J,-,8,20 DC,DEPO 4,-,-,5,-,-,3,-,-
J,-,9,20 DC,DEPO 4,-,-,5,-,-,3,-,-
J,-,10,20 DC,DEPO 4,-,-,5,-,-,3,-,-
E,-,1,20 DC,DEPO 4,-,-,1,-,-,4,-,-
A,-,1,20 DC,DEPO 4,-,-,1,-,-,4,-,-
D,-,1,20 DC,DEPO 4,-,-,1,-,-,4,-,-
F1,-,1,20 DC,DEPO 4,-,-,1,-,-,4,-,-
DE,-,1,20 DC,DEPO 4,-,-,1,-,-,4,-,-
F,-,1,20 DC,DEPO 4,-,-,1,-,-,4,-,-
RR,-,1,20 DC,DEPO 4,-,-,1,-,-,4,-,-
H,-,1,20 DC,DEPO 4,-,-,1,-,-,4,-,-
FG,-,1,20 DC,DEPO 4,-,-,1,-,-,4,-,-
J,KONTAINER KOSONG (COC),1,20 DC,DEPO 4,B,DFFR289HWZV,1,MTS,30-09-2025,4,30-09-2025 22:07:24,HAN-08/2025 MKE-SBY
B,-,1,20 DC,DEPO 4,-,-,1,-,-,4,-,-
C,-,1,20 DC,DEPO 4,-,-,1,-,-,4,-,-
I,-,1,20 DC,DEPO 4,-,-,1,-,-,4,-,-
E,-,2,20 DC,DEPO 4,-,-,1,-,-,4,-,-
A,-,2,20 DC,DEPO 4,-,-,1,-,-,4,-,-
D,-,2,20 DC,DEPO 4,-,-,1,-,-,4,-,-
F1,-,2,20 DC,DEPO 4,-,-,1,-,-,4,-,-
DE,-,2,20 DC,DEPO 4,-,-,1,-,-,4,-,-
F,-,2,20 DC,DEPO 4,-,-,1,-,-,4,-,-
RR,-,2,20 DC,DEPO 4,-,-,1,-,-,4,-,-
H,-,2,20 DC,DEPO 4,-,-,1,-,-,4,-,-
FG,-,2,20 DC,DEPO 4,-,-,1,-,-,4,-,-
J,-,2,20 DC,DEPO 4,-,-,1,-,-,4,-,-
B,-,2,20 DC,DEPO 4,-,-,1,-,-,4,-,-
C,-,2,20 DC,DEPO 4,-,-,1,-,-,4,-,-
I,-,2,20 DC,DEPO 4,-,-,1,-,-,4,-,-
E,-,3,20 DC,DEPO 4,-,-,1,-,-,4,-,-
DE,-,3,20 DC,DEPO 4,-,-,1,-,-,4,-,-
A,-,3,20 DC,DEPO 4,-,-,1,-,-,4,-,-
D,-,3,20 DC,DEPO 4,-,-,1,-,-,4,-,-
G,-,3,20 DC,DEPO 4,-,-,1,-,-,4,-,-
F1,-,3,20 DC,DEPO 4,-,-,1,-,-,4,-,-
F,-,3,20 DC,DEPO 4,-,-,1,-,-,4,-,-
RR,-,3,20 DC,DEPO 4,-,-,1,-,-,4,-,-
H,-,3,20 DC,DEPO 4,-,-,1,-,-,4,-,-
FG,-,3,20 DC,DEPO 4,-,-,1,-,-,4,-,-
J,-,3,20 DC,DEPO 4,-,-,1,-,-,4,-,-
B,-,3,20 DC,DEPO 4,-,-,1,-,-,4,-,-
C,-,3,20 DC,DEPO 4,-,-,1,-,-,4,-,-
I,-,3,20 DC,DEPO 4,-,-,1,-,-,4,-,-
E,-,4,20 DC,DEPO 4,-,-,1,-,-,4,-,-
A,-,4,20 DC,DEPO 4,-,-,1,-,-,4,-,-
D,-,4,20 DC,DEPO 4,-,-,1,-,-,4,-,-
FG,-,4,20 DC,DEPO 4,-,-,1,-,-,4,-,-
G,-,4,20 DC,DEPO 4,-,-,1,-,-,4,-,-
F1,-,4,20 DC,DEPO 4,-,-,1,-,-,4,-,-
F,KONTAINER KOSONG (COC),4,20 DC,DEPO 4,A,PYMU296GAXM,1,MTS,29-09-2025,4,29-09-2025 06:25:11,HJE-03/2025 MRI-SBY
RR,-,4,20 DC,DEPO 4,-,-,1,-,-,4,-,-
H,-,4,20 DC,DEPO 4,-,-,1,-,-,4,-,-
DE,-,4,20 DC,DEPO 4,-,-,1,-,-,4,-,-
B,-,4,20 DC,DEPO 4,-,-,1,-,-,4,-,-
C,-,4,20 DC,DEPO 4,-,-,1,-,-,4,-,-
I,-,4,20 DC,DEPO 4,-,-,1,-,-,4,-,-
E,-,5,20 DC,DEPO 4,-,-,1,-,-,4,-,-
A,-,5,20 DC,DEPO 4,-,-,1,-,-,4,-,-
D,-,5,20 DC,DEPO 4,-,-,1,-,-,4,-,-
FG,-,5,20 DC,DEPO 4,-,-,1,-,-,4,-,-
G,-,5,20 DC,DEPO 4,-,-,1,-,-,4,-,-
F1,-,5,20 DC,DEPO 4,-,-,1,-,-,4,-,-
F,-,5,20 DC,DEPO 4,-,-,1,-,-,4,-,-
RR,-,5,20 DC,DEPO 4,-,-,1,-,-,4,-,-
H,-,5,20 DC,DEPO 4,-,-,1,-,-,4,-,-
DE,-,5,20 DC,DEPO 4,-,-,1,-,-,4,-,-
B,-,5,20 DC,DEPO 4,-,-,1,-,-,4,-,-
C,-,5,20 DC,DEPO 4,-,-,1,-,-,4,-,-
I,MAKANAN,5,20 DC,DEPO 4,A,PXTQ298KQAH,1,MTB,29-09-2025,4,29-09-2025 14:19:30,OGO-15/2025 SBY-JYP
E,-,6,20 DC,DEPO 4,-,-,1,-,-,4,-,-
A,-,6,20 DC,DEPO 4,-,-,1,-,-,4,-,-
D,-,6,20 DC,DEPO 4,-,-,1,-,-,4,-,-
DE,-,6,20 DC,DEPO 4,-,-,1,-,-,4,-,-
J,-,6,20 DC,DEPO 4,-,-,1,-,-,4,-,-
G,-,6,20 DC,DEPO 4,-,-,1,-,-,4,-,-
F,-,6,20 DC,DEPO 4,-,-,1,-,-,4,-,-
RR,-,6,20 DC,DEPO 4,-,-,1,-,-,4,-,-
H,-,6,20 DC,DEPO 4,-,-,1,-,-,4,-,-
B,-,6,20 DC,DEPO 4,-,-,1,-,-,4,-,-
C,-,6,20 DC,DEPO 4,-,-,1,-,-,4,-,-
I,TEPUNG,6,20 DC,DEPO 4,A,OTXG312NYDG,1,FTL,01-10-2025,4,01-10-2025 21:05:54,PAH-32/2025 SBY-TGK
E,-,7,20 DC,DEPO 4,-,-,1,-,-,4,-,-
A,-,7,20 DC,DEPO 4,-,-,1,-,-,4,-,-
D,-,7,20 DC,DEPO 4,-,-,1,-,-,4,-,-
G,-,7,20 DC,DEPO 4,-,-,1,-,-,4,-,-
F,KONTAINER KOSONG (COC),7,20 DC,DEPO 4,B,JARO283GJIE,1,MTS,30-09-2025,4,30-09-2025 22:06:21,PLA-20/2025 BPN-SBY
RR,-,7,20 DC,DEPO 4,-,-,1,-,-,4,-,-
H,-,7,20 DC,DEPO 4,-,-,1,-,-,4,-,-
B,-,7,20 DC,DEPO 4,-,-,1,-,-,4,-,-
C,-,7,20 DC,DEPO 4,-,-,1,-,-,4,-,-
I,-,7,20 DC,DEPO 4,-,-,1,-,-,4,-,-
E,-,8,20 DC,DEPO 4,-,-,1,-,-,4,-,-
A,-,8,20 DC,DEPO 4,-,-,1,-,-,4,-,-
F,-,8,20 DC,DEPO 4,-,-,1,-,-,4,-,-
D,-,8,20 DC,DEPO 4,-,-,1,-,-,4,-,-
G,-,8,20 DC,DEPO 4,-,-,1,-,-,4,-,-
H,-,8,20 DC,DEPO 4,-,-,1,-,-,4,-,-
B,-,8,20 DC,DEPO 4,-,-,1,-,-,4,-,-
C,-,8,20 DC,DEPO 4,-,-,1,-,-,4,-,-
I,-,8,20 DC,DEPO 4,-,-,1,-,-,4,-,-
E,-,9,20 DC,DEPO 4,-,-,1,-,-,4,-,-
A,-,9,20 DC,DEPO 4,-,-,1,-,-,4,-,-
F,-,9,20 DC,DEPO 4,-,-,1,-,-,4,-,-
D,-,9,20 DC,DEPO 4,-,-,1,-,-,4,-,-
G,-,9,20 DC,DEPO 4,-,-,1,-,-,4,-,-
J,-,9,20 DC,DEPO 4,-,-,1,-,-,4,-,-
H,KONTAINER KOSONG (COC),9,20 DC,DEPO 4,B,JITB278RKXM,1,MTS,01-10-2025,4,01-10-2025 19:30:47,BAU-20/2025 BPN-SBY
B,-,9,20 DC,DEPO 4,-,-,1,-,-,4,-,-
C,-,9,20 DC,DEPO 4,-,-,1,-,-,4,-,-
I,-,9,20 DC,DEPO 4,-,-,1,-,-,4,-,-
E,-,10,20 DC,DEPO 4,-,-,1,-,-,4,-,-
A,-,10,20 DC,DEPO 4,-,-,1,-,-,4,-,-
F,-,10,20 DC,DEPO 4,-,-,1,-,-,4,-,-
D,-,10,20 DC,DEPO 4,-,-,1,-,-,4,-,-
G,-,10,20 DC,DEPO 4,-,-,1,-,-,4,-,-
J,-,10,20 DC,DEPO 4,-,-,1,-,-,4,-,-
I,-,10,20 DC,DEPO 4,-,-,1,-,-,4,-,-
H,-,10,20 DC,DEPO 4,-,-,1,-,-,4,-,-
B,-,10,20 DC,DEPO 4,-,-,1,-,-,4,-,-
C,-,10,20 DC,DEPO 4,-,-,1,-,-,4,-,-
E,-,11,20 DC,DEPO 4,-,-,1,-,-,4,-,-
B,-,11,20 DC,DEPO 4,-,-,1,-,-,4,-,-
A,-,11,20 DC,DEPO 4,-,-,1,-,-,4,-,-
C,-,11,20 DC,DEPO 4,-,-,1,-,-,4,-,-
F,-,11,20 DC,DEPO 4,-,-,1,-,-,4,-,-
D,-,11,20 DC,DEPO 4,-,-,1,-,-,4,-,-
G,-,11,20 DC,DEPO 4,-,-,1,-,-,4,-,-
I,-,11,20 DC,DEPO 4,-,-,1,-,-,4,-,-
H,-,11,20 DC,DEPO 4,-,-,1,-,-,4,-,-
A,MAKANAN,12,20 DC,DEPO 4,A,TLFY295SQAH,1,MTB,29-09-2025,4,29-09-2025 14:47:10,HSJ-17/2025 SBY-NBR
B,-,12,20 DC,DEPO 4,-,-,1,-,-,4,-,-
E,-,12,20 DC,DEPO 4,-,-,1,-,-,4,-,-
C,-,12,20 DC,DEPO 4,-,-,1,-,-,4,-,-
F,-,12,20 DC,DEPO 4,-,-,1,-,-,4,-,-
D,-,12,20 DC,DEPO 4,-,-,1,-,-,4,-,-
G,-,12,20 DC,DEPO 4,-,-,1,-,-,4,-,-
I,-,12,20 DC,DEPO 4,-,-,1,-,-,4,-,-
H,-,12,20 DC,DEPO 4,-,-,1,-,-,4,-,-
A,-,13,20 DC,DEPO 4,-,-,1,-,-,4,-,-
E,-,13,20 DC,DEPO 4,-,-,1,-,-,4,-,-
F,-,13,20 DC,DEPO 4,-,-,1,-,-,4,-,-
D,-,13,20 DC,DEPO 4,-,-,1,-,-,4,-,-
G,-,13,20 DC,DEPO 4,-,-,1,-,-,4,-,-
I,-,13,20 DC,DEPO 4,-,-,1,-,-,4,-,-
H,-,13,20 DC,DEPO 4,-,-,1,-,-,4,-,-
A,-,14,20 DC,DEPO 4,-,-,1,-,-,4,-,-
F,-,14,20 DC,DEPO 4,-,-,1,-,-,4,-,-
G,-,14,20 DC,DEPO 4,-,-,1,-,-,4,-,-
I,-,14,20 DC,DEPO 4,-,-,1,-,-,4,-,-
H,-,14,20 DC,DEPO 4,-,-,1,-,-,4,-,-
G,-,15,20 DC,DEPO 4,-,-,1,-,-,4,-,-
A,-,15,20 DC,DEPO 4,-,-,1,-,-,4,-,-
F,-,15,20 DC,DEPO 4,-,-,1,-,-,4,-,-
I,-,15,20 DC,DEPO 4,-,-,1,-,-,4,-,-
H,-,15,20 DC,DEPO 4,-,-,1,-,-,4,-,-
A,-,16,20 DC,DEPO 4,-,-,1,-,-,4,-,-
H,-,16,20 DC,DEPO 4,-,-,1,-,-,4,-,-
I,-,16,20 DC,DEPO 4,-,-,1,-,-,4,-,-
H,-,17,20 DC,DEPO 4,-,-,1,-,-,4,-,-
I,-,17,20 DC,DEPO 4,-,-,1,-,-,4,-,-
H,-,18,20 DC,DEPO 4,-,-,1,-,-,4,-,-
I,-,18,20 DC,DEPO 4,-,-,1,-,-,4,-,-
I,-,19,20 DC,DEPO 4,-,-,1,-,-,4,-,-
H,-,19,20 DC,DEPO 4,-,-,1,-,-,4,-,-
H,-,20,20 DC,DEPO 4,-,-,1,-,-,4,-,-
I,-,20,20 DC,DEPO 4,-,-,1,-,-,4,-,-
H,-,21,20 DC,DEPO 4,-,-,1,-,-,4,-,-
I,-,21,20 DC,DEPO 4,-,-,1,-,-,4,-,-
H,-,22,20 DC,DEPO 4,-,-,1,-,-,4,-,-
I,-,22,20 DC,DEPO 4,-,-,1,-,-,4,-,-
H,-,23,20 DC,DEPO 4,-,-,1,-,-,4,-,-
I,-,23,20 DC,DEPO 4,-,-,1,-,-,4,-,-
I,-,24,20 DC,DEPO 4,-,-,1,-,-,4,-,-
H,-,24,20 DC,DEPO 4,-,-,1,-,-,4,-,-
H,-,25,20 DC,DEPO 4,-,-,1,-,-,4,-,-
I,-,25,20 DC,DEPO 4,-,-,1,-,-,4,-,-
I,KONTAINER KOSONG (COC),26,20 DC,DEPO 4,A,FPRI315TLFG,1,MTS,30-09-2025,4,30-09-2025 22:10:36,TFL-24/2025 BPN-SBY
I,-,27,20 DC,DEPO 4,-,-,1,-,-,4,-,-
I,-,28,20 DC,DEPO 4,-,-,1,-,-,4,-,-
I,-,29,20 DC,DEPO 4,-,-,1,-,-,4,-,-
I,-,30,20 DC,DEPO 4,-,-,1,-,-,4,-,-
I,-,31,20 DC,DEPO 4,-,-,1,-,-,4,-,-
I,-,32,20 DC,DEPO 4,-,-,1,-,-,4,-,-
I,-,33,20 DC,DEPO 4,-,-,1,-,-,4,-,-
I,-,34,20 DC,DEPO 4,-,-,1,-,-,4,-,-
I,-,35,20 DC,DEPO 4,-,-,1,-,-,4,-,-
I,MAKANAN,36,20 DC,DEPO 4,A,IZPS297CKDW,1,MTB,26-09-2025,4,26-09-2025 13:21:42,PAH-32/2025 SBY-TGK
FG,-,1,20 DC,DEPO 4,-,-,2,-,-,4,-,-
J,-,1,20 DC,DEPO 4,-,-,2,-,-,4,-,-
DE,-,1,20 DC,DEPO 4,-,-,2,-,-,4,-,-
DE,-,2,20 DC,DEPO 4,-,-,2,-,-,4,-,-
J,KONTAINER KOSONG (COC),2,20 DC,DEPO 4,A,WCRB308GUFE,2,MTS,01-10-2025,4,01-10-2025 08:22:10,HAY-10/2025 MKE-SBY
FG,-,2,20 DC,DEPO 4,-,-,2,-,-,4,-,-
J,-,3,20 DC,DEPO 4,-,-,2,-,-,4,-,-
DE,-,3,20 DC,DEPO 4,-,-,2,-,-,4,-,-
FG,-,3,20 DC,DEPO 4,-,-,2,-,-,4,-,-
FG,-,4,20 DC,DEPO 4,-,-,2,-,-,4,-,-
DE,-,4,20 DC,DEPO 4,-,-,2,-,-,4,-,-
J,-,4,20 DC,DEPO 4,-,-,2,-,-,4,-,-
FG,-,5,20 DC,DEPO 4,-,-,2,-,-,4,-,-
DE,-,5,20 DC,DEPO 4,-,-,2,-,-,4,-,-
J,-,5,20 DC,DEPO 4,-,-,2,-,-,4,-,-
DE,-,6,20 DC,DEPO 4,-,-,2,-,-,4,-,-
J,-,6,20 DC,DEPO 4,-,-,2,-,-,4,-,-
J,-,7,20 DC,DEPO 4,-,-,2,-,-,4,-,-
J,-,8,20 DC,DEPO 4,-,-,2,-,-,4,-,-
J,-,9,20 DC,DEPO 4,-,-,2,-,-,4,-,-
J,-,10,20 DC,DEPO 4,-,-,2,-,-,4,-,-
DE,-,1,20 DC,DEPO 4,-,-,3,-,-,4,-,-
HS,-,1,20 DC,DEPO 4,-,-,3,-,-,4,-,-
FG,-,1,20 DC,DEPO 4,-,-,3,-,-,4,-,-
J,KONTAINER KOSONG (COC),1,20 DC,DEPO 4,A,EBKY297BGET,3,MTS,02-10-2025,4,02-10-2025 07:43:34,HAY-10/2025 TIM-SBY
DE,-,2,20 DC,DEPO 4,-,-,3,-,-,4,-,-
FG,-,2,20 DC,DEPO 4,-,-,3,-,-,4,-,-
HS,-,2,20 DC,DEPO 4,-,-,3,-,-,4,-,-
J,KONTAINER KOSONG (COC),2,20 DC,DEPO 4,A,TVHZ295EHRN,3,MTS,02-10-2025,4,02-10-2025 07:46:04,HAY-10/2025 TIM-SBY
FG,-,3,20 DC,DEPO 4,-,-,3,-,-,4,-,-
HS,-,3,20 DC,DEPO 4,-,-,3,-,-,4,-,-
DE,-,3,20 DC,DEPO 4,-,-,3,-,-,4,-,-
J,-,3,20 DC,DEPO 4,-,-,3,-,-,4,-,-
FG,-,4,20 DC,DEPO 4,-,-,3,-,-,4,-,-
DE,-,4,20 DC,DEPO 4,-,-,3,-,-,4,-,-
HS,-,4,20 DC,DEPO 4,-,-,3,-,-,4,-,-
J,-,4,20 DC,DEPO 4,-,-,3,-,-,4,-,-
J,-,5,20 DC,DEPO 4,-,-,3,-,-,4,-,-
FG,-,5,20 DC,DEPO 4,-,-,3,-,-,4,-,-
DE,-,5,20 DC,DEPO 4,-,-,3,-,-,4,-,-
J,-,6,20 DC,DEPO 4,-,-,3,-,-,4,-,-
DE,-,6,20 DC,DEPO 4,-,-,3,-,-,4,-,-
J,-,7,20 DC,DEPO 4,-,-,3,-,-,4,-,-
J,-,8,20 DC,DEPO 4,-,-,3,-,-,4,-,-
J,-,9,20 DC,DEPO 4,-,-,3,-,-,4,-,-
J,-,10,20 DC,DEPO 4,-,-,3,-,-,4,-,-
FG,-,1,20 DC,DEPO 4,-,-,4,-,-,4,-,-
DE,-,1,20 DC,DEPO 4,-,-,4,-,-,4,-,-
J,KONTAINER KOSONG (COC),1,20 DC,DEPO 4,A,FCXY297JAKG,4,MTS,02-10-2025,4,02-10-2025 07:44:42,REN-32/2025 SDA-SBY
FG,-,2,20 DC,DEPO 4,-,-,4,-,-,4,-,-
J,-,2,20 DC,DEPO 4,-,-,4,-,-,4,-,-
DE,-,2,20 DC,DEPO 4,-,-,4,-,-,4,-,-
J,-,3,20 DC,DEPO 4,-,-,4,-,-,4,-,-
FG,-,3,20 DC,DEPO 4,-,-,4,-,-,4,-,-
DE,-,3,20 DC,DEPO 4,-,-,4,-,-,4,-,-
FG,-,4,20 DC,DEPO 4,-,-,4,-,-,4,-,-
DE,-,4,20 DC,DEPO 4,-,-,4,-,-,4,-,-
DE,-,5,20 DC,DEPO 4,-,-,4,-,-,4,-,-
FG,-,5,20 DC,DEPO 4,-,-,4,-,-,4,-,-
J,-,6,20 DC,DEPO 4,-,-,4,-,-,4,-,-
DE,-,6,20 DC,DEPO 4,-,-,4,-,-,4,-,-
J,-,7,20 DC,DEPO 4,-,-,4,-,-,4,-,-
J,-,8,20 DC,DEPO 4,-,-,4,-,-,4,-,-
J,-,9,20 DC,DEPO 4,-,-,4,-,-,4,-,-
J,-,10,20 DC,DEPO 4,-,-,4,-,-,4,-,-
FG,-,1,20 DC,DEPO 4,-,-,5,-,-,4,-,-
DE,-,1,20 DC,DEPO 4,-,-,5,-,-,4,-,-
J,-,1,20 DC,DEPO 4,-,-,5,-,-,4,-,-
FG,-,2,20 DC,DEPO 4,-,-,5,-,-,4,-,-
J,-,2,20 DC,DEPO 4,-,-,5,-,-,4,-,-
DE,-,2,20 DC,DEPO 4,-,-,5,-,-,4,-,-
J,-,3,20 DC,DEPO 4,-,-,5,-,-,4,-,-
FG,-,3,20 DC,DEPO 4,-,-,5,-,-,4,-,-
DE,-,3,20 DC,DEPO 4,-,-,5,-,-,4,-,-
FG,-,4,20 DC,DEPO 4,-,-,5,-,-,4,-,-
DE,-,4,20 DC,DEPO 4,-,-,5,-,-,4,-,-
J,-,4,20 DC,DEPO 4,-,-,5,-,-,4,-,-
J,-,5,20 DC,DEPO 4,-,-,5,-,-,4,-,-
DE,-,5,20 DC,DEPO 4,-,-,5,-,-,4,-,-
FG,-,5,20 DC,DEPO 4,-,-,5,-,-,4,-,-
J,-,6,20 DC,DEPO 4,-,-,5,-,-,4,-,-
DE,-,6,20 DC,DEPO 4,-,-,5,-,-,4,-,-
J,-,7,20 DC,DEPO 4,-,-,5,-,-,4,-,-
J,-,8,20 DC,DEPO 4,-,-,5,-,-,4,-,-
J,-,1,20 DC,DEPO 4,-,-,1,-,-,5,-,-
HS,-,1,20 DC,DEPO 4,-,-,1,-,-,5,-,-
DE,-,1,20 DC,DEPO 4,-,-,1,-,-,5,-,-
DE,-,2,20 DC,DEPO 4,-,-,1,-,-,5,-,-
J,KONTAINER KOSONG (COC),2,20 DC,DEPO 4,A,QNHL295WRVN,1,MTS,02-10-2025,5,02-10-2025 07:45:30,HAY-10/2025 TIM-SBY
HS,-,2,20 DC,DEPO 4,-,-,1,-,-,5,-,-
HS,-,3,20 DC,DEPO 4,-,-,1,-,-,5,-,-
J,-,3,20 DC,DEPO 4,-,-,1,-,-,5,-,-
DE,-,3,20 DC,DEPO 4,-,-,1,-,-,5,-,-
FG,-,4,20 DC,DEPO 4,-,-,1,-,-,5,-,-
J,-,4,20 DC,DEPO 4,-,-,1,-,-,5,-,-
DE,-,4,20 DC,DEPO 4,-,-,1,-,-,5,-,-
HS,-,4,20 DC,DEPO 4,-,-,1,-,-,5,-,-
J,KONTAINER KOSONG (COC),5,20 DC,DEPO 4,A,EUJS294VGKB,1,MTS,02-10-2025,5,02-10-2025 07:47:41,OJA-12/2025 JYP-JKT
FG,-,5,20 DC,DEPO 4,-,-,1,-,-,5,-,-
DE,-,5,20 DC,DEPO 4,-,-,1,-,-,5,-,-
DE,-,6,20 DC,DEPO 4,-,-,1,-,-,5,-,-
J,-,8,20 DC,DEPO 4,-,-,1,-,-,5,-,-
J,-,9,20 DC,DEPO 4,-,-,1,-,-,5,-,-
J,-,10,20 DC,DEPO 4,-,-,1,-,-,5,-,-
HS,-,1,20 DC,DEPO 4,-,-,2,-,-,5,-,-
DE,-,1,20 DC,DEPO 4,-,-,2,-,-,5,-,-
J,KONTAINER KOSONG (COC),1,20 DC,DEPO 4,A,KKLN298SVKF,2,MTS,02-10-2025,5,02-10-2025 07:43:10,HAY-10/2025 MKE-SBY
HS,-,2,20 DC,DEPO 4,-,-,2,-,-,5,-,-
DE,-,2,20 DC,DEPO 4,-,-,2,-,-,5,-,-
J,MAKANAN,2,20 DC,DEPO 4,A,CTIH312ASGY,2,MTB,01-10-2025,5,01-10-2025 09:01:31,TFL-26/2025 SBY-KDR
J,KONTAINER KOSONG (COC),3,20 DC,DEPO 4,A,WSLU312JXQV,2,MTS,02-10-2025,5,02-10-2025 07:41:32,REN-32/2025 SDA-SBY
HS,-,3,20 DC,DEPO 4,-,-,2,-,-,5,-,-
DE,-,3,20 DC,DEPO 4,-,-,2,-,-,5,-,-
FG,-,4,20 DC,DEPO 4,-,-,2,-,-,5,-,-
J,KONTAINER KOSONG (COC),4,20 DC,DEPO 4,A,BPBA314SOTG,2,MTD,02-10-2025,5,02-10-2025 07:30:00,TFL-24/2025 BPN-SBY
DE,-,4,20 DC,DEPO 4,-,-,2,-,-,5,-,-
HS,-,4,20 DC,DEPO 4,-,-,2,-,-,5,-,-
FG,-,5,20 DC,DEPO 4,-,-,2,-,-,5,-,-
DE,-,5,20 DC,DEPO 4,-,-,2,-,-,5,-,-
DE,-,6,20 DC,DEPO 4,-,-,2,-,-,5,-,-
J,-,7,20 DC,DEPO 4,-,-,2,-,-,5,-,-
J,-,8,20 DC,DEPO 4,-,-,2,-,-,5,-,-
J,-,9,20 DC,DEPO 4,-,-,2,-,-,5,-,-
J,-,10,20 DC,DEPO 4,-,-,2,-,-,5,-,-
DE,-,1,20 DC,DEPO 4,-,-,3,-,-,5,-,-
FG,-,1,20 DC,DEPO 4,-,-,3,-,-,5,-,-
HS,-,1,20 DC,DEPO 4,-,-,3,-,-,5,-,-
J,-,1,20 DC,DEPO 4,-,-,3,-,-,5,-,-
DE,-,2,20 DC,DEPO 4,-,-,3,-,-,5,-,-
FG,-,2,20 DC,DEPO 4,-,-,3,-,-,5,-,-
HS,-,2,20 DC,DEPO 4,-,-,3,-,-,5,-,-
J,-,2,20 DC,DEPO 4,-,-,3,-,-,5,-,-
DE,-,3,20 DC,DEPO 4,-,-,3,-,-,5,-,-
J,-,3,20 DC,DEPO 4,-,-,3,-,-,5,-,-
FG,-,3,20 DC,DEPO 4,-,-,3,-,-,5,-,-
HS,-,3,20 DC,DEPO 4,-,-,3,-,-,5,-,-
HS,-,4,20 DC,DEPO 4,-,-,3,-,-,5,-,-
FG,-,4,20 DC,DEPO 4,-,-,3,-,-,5,-,-
DE,-,4,20 DC,DEPO 4,-,-,3,-,-,5,-,-
J,-,4,20 DC,DEPO 4,-,-,3,-,-,5,-,-
FG,-,5,20 DC,DEPO 4,-,-,3,-,-,5,-,-
DE,-,5,20 DC,DEPO 4,-,-,3,-,-,5,-,-
DE,-,6,20 DC,DEPO 4,-,-,3,-,-,5,-,-
J,-,7,20 DC,DEPO 4,-,-,3,-,-,5,-,-
J,-,8,20 DC,DEPO 4,-,-,3,-,-,5,-,-
J,-,9,20 DC,DEPO 4,-,-,3,-,-,5,-,-
J,-,10,20 DC,DEPO 4,-,-,3,-,-,5,-,-
J,-,1,20 DC,DEPO 4,-,-,4,-,-,5,-,-
FG,-,1,20 DC,DEPO 4,-,-,4,-,-,5,-,-
DE,-,1,20 DC,DEPO 4,-,-,4,-,-,5,-,-
DE,-,2,20 DC,DEPO 4,-,-,4,-,-,5,-,-
FG,-,2,20 DC,DEPO 4,-,-,4,-,-,5,-,-
FG,-,3,20 DC,DEPO 4,-,-,4,-,-,5,-,-
DE,-,3,20 DC,DEPO 4,-,-,4,-,-,5,-,-
J,-,4,20 DC,DEPO 4,-,-,4,-,-,5,-,-
FG,-,4,20 DC,DEPO 4,-,-,4,-,-,5,-,-
DE,-,4,20 DC,DEPO 4,-,-,4,-,-,5,-,-
J,-,5,20 DC,DEPO 4,-,-,4,-,-,5,-,-
DE,-,5,20 DC,DEPO 4,-,-,4,-,-,5,-,-
FG,-,5,20 DC,DEPO 4,-,-,4,-,-,5,-,-
J,-,6,20 DC,DEPO 4,-,-,4,-,-,5,-,-
DE,-,6,20 DC,DEPO 4,-,-,4,-,-,5,-,-
J,-,7,20 DC,DEPO 4,-,-,4,-,-,5,-,-
J,-,8,20 DC,DEPO 4,-,-,4,-,-,5,-,-
J,-,9,20 DC,DEPO 4,-,-,4,-,-,5,-,-
J,-,10,20 DC,DEPO 4,-,-,4,-,-,5,-,-
J,-,1,20 DC,DEPO 4,-,-,5,-,-,5,-,-
FG,-,1,20 DC,DEPO 4,-,-,5,-,-,5,-,-
DE,-,1,20 DC,DEPO 4,-,-,5,-,-,5,-,-
FG,-,2,20 DC,DEPO 4,-,-,5,-,-,5,-,-
DE,-,2,20 DC,DEPO 4,-,-,5,-,-,5,-,-
J,KONTAINER KOSONG (COC),2,20 DC,DEPO 4,A,ABTV295LANH,5,MTS,02-10-2025,5,02-10-2025 07:46:37,DER-22/2025 BRU-JKT
FG,-,3,20 DC,DEPO 4,-,-,5,-,-,5,-,-
J,-,3,20 DC,DEPO 4,-,-,5,-,-,5,-,-
DE,-,3,20 DC,DEPO 4,-,-,5,-,-,5,-,-
DE,-,4,20 DC,DEPO 4,-,-,5,-,-,5,-,-
J,-,4,20 DC,DEPO 4,-,-,5,-,-,5,-,-
FG,-,4,20 DC,DEPO 4,-,-,5,-,-,5,-,-
J,KONTAINER KOSONG (COC),5,20 DC,DEPO 4,A,LVVM294MKKB,5,MTS,02-10-2025,5,02-10-2025 07:47:02,HAY-10/2025 TIM-SBY
DE,-,5,20 DC,DEPO 4,-,-,5,-,-,5,-,-
FG,-,5,20 DC,DEPO 4,-,-,5,-,-,5,-,-
J,-,6,20 DC,DEPO 4,-,-,5,-,-,5,-,-
DE,-,6,20 DC,DEPO 4,-,-,5,-,-,5,-,-
J,-,9,20 DC,DEPO 4,-,-,5,-,-,5,-,-
J,-,10,20 DC,DEPO 4,-,-,5,-,-,5,-,-
D,ELEKTRONIK,4,40 HC,DEPO 4,C,RJPW460QTSY,1,MTB,23-09-2025,1,23-09-2025 16:46:34,HAP-10/2025 SBY-TIM
J,KONTAINER KOSONG (COC),5,40 HC,DEPO 4,C,KDXB460KBBQ,2,MTS,02-10-2025,5,02-10-2025 07:48:03,OJA-12/2025 JYP-JKT
J,ALAT RUMAH TANGGA,9,40 HC,DEPO 4,C,KUVY460GWWW,5,FTL,30-09-2025,4,30-09-2025 18:55:36,TFL-26/2025 SBY-KDR
J,KONTAINER KOSONG (COC),5,40 HC,DEPO 4,C,UUCQ460ASAC,3,MTS,02-10-2025,5,02-10-2025 07:48:35,REN-32/2025 SDA-SBY
J,ELEKTRONIK,4,40 HC,DEPO 4,C,ZKYA460NDRE,1,FTL,01-10-2025,2,01-10-2025 14:39:21,HAP-10/2025 SBY-TIM
J,ALAT RUMAH TANGGA,7,40 HC,DEPO 4,C,RTDB460ENKO,1,MTB,25-09-2025,4,25-09-2025 11:01:58,PLA-23/2025 SBY-SDA
J,KONTAINER KOSONG (COC),4,40 HC,DEPO 4,C,UMGK460IZUG,4,MTS,02-10-2025,4,02-10-2025 07:48:55,REN-32/2025 SDA-SBY
J,KONTAINER KOSONG (COC),2,40 HC,DEPO 4,C,DTKQ460GAPS,4,MTS,02-10-2025,5,02-10-2025 07:49:25,REN-32/2025 SDA-SBY
J,KONTAINER KOSONG (COC),6,40 HC,DEPO 4,C,ARWD460TELC,1,MTS,30-09-2025,1,30-09-2025 22:10:55,OJA-12/2025 JYP-JKT
DE,MAKANAN,1,40 HC,DEPO 4,C,ADXI460VUCG,2,MTB,25-09-2025,1,25-09-2025 11:55:19,HAP-10/2025 SBY-TIM
J,ELEKTRONIK,6,40 HC,DEPO 4,C,XAEO460HMBP,1,FTL,01-10-2025,3,01-10-2025 14:20:54,HAP-10/2025 SBY-TIM
J,KONTAINER KOSONG (COC),6,40 HC,DEPO 4,C,WDZA460BMMY,1,MTS,02-10-2025,5,02-10-2025 07:50:07,REN-32/2025 SDA-SBY
J,KONTAINER KOSONG (COC),7,40 HC,DEPO 4,C,YPLR460YPRA,1,MTS,02-10-2025,2,02-10-2025 07:50:49,REN-32/2025 SDA-SBY
J,KONTAINER KOSONG (COC),4,40 HC,DEPO 4,A,GDUC461LQOE,1,MTS,30-09-2025,4,30-09-2025 22:11:14,OJA-12/2025 JYP-JKT
F,PLASTIK,14,40 HC,DEPO 4,C,ZUHU461VTVZ,1,MTB,30-09-2025,2,30-09-2025 14:10:54,PAH-32/2025 SBY-GTO
G,MAKANAN,1,40 HC,DEPO 4,A,MJZB461OXTF,1,FTL,01-10-2025,4,01-10-2025 17:05:09,TFL-26/2025 SBY-BAU
J,KONTAINER KOSONG (COC),7,40 HC,DEPO 4,A,UGTU461FQKJ,5,MTS,02-10-2025,5,02-10-2025 07:51:37,HAY-10/2025 MKE-SBY
J,KONTAINER KOSONG (COC),8,40 HC,DEPO 4,B,SRZC462VYTA,2,MTS,02-10-2025,2,02-10-2025 07:52:11,HJE-12/2025 PAL-SBY
J,KONTAINER KOSONG (COC),8,40 HC,DEPO 4,A,DWNQ463UNIF,3,MTS,02-10-2025,3,02-10-2025 07:52:36,HJE-12/2025 BPN-SBY
