Container,TGL. STATUS,STATE,OWNER,LOGISTIC,VESSEL TERAKHIR,TGL FXD,Block,Column,Row,Tier,TYPE,CONTAINER GRADE
WZQR5449043,05/09/2025,MXD,SOC,NO,ASR-12/2025 BPN-SBY,--/--/---- [---],C,18,2,3,40 HC,-
HFAD2020920,27/08/2025,MXD,SOC,NO,PFA-14/2025 BRU-SBY,--/--/---- [---],A,1,7,2,20 IT,-
WGBG2026274,03/09/2025,MXD,SOC,NO,PFA-18/2025 BRU-SBY,--/--/---- [---],A,1,4,1,20 IT,-
PPNQ2028104,05/09/2025,MXD,SOC,NO,OSI-11/2025 TTE-SBY,--/--/---- [---],A,1,4,2,20 IT,-
LXVJ2027006,06/09/2025,MXD,SOC,NO,PRI-23/2025 BRU-SBY,--/--/---- [---],A,1,4,3,20 IT,-
WKRZ9034884,18/09/2024,MXD,SOC,NO,ASN-18/2024 NNK-SBY,--/--/---- [---],B,1,7,3,40 HC,-
RNCG9244254,18/09/2024,MXD,SOC,NO,ASN-18/2024 NNK-SBY,--/--/---- [---],C,1,7,1,40 HC,-
UNOR9242689,18/09/2024,MXD,SOC,NO,ASN-18/2024 NNK-SBY,--/--/---- [---],C,1,7,2,40 HC,-
ERKW1473139,02/09/2025,FXD,SOC,NO,PBE-22/2025 BMS-SBY,02/09/2025,C,16,1,1,40 HC,-
GBQC1604983,02/09/2025,FXD,SOC,NO,PBE-22/2025 BMS-SBY,02/09/2025,A,13,6,1,40 HC,-
KKIT1951565,02/09/2025,FXD,SOC,NO,PST-23/2025 PAL-SBY,02/09/2025,C,1,6,2,40 HC,-
RZJN8258008,02/09/2025,FXD,SOC,NO,PBE-22/2025 BMS-SBY,02/09/2025,C,16,1,2,40 HC,-
ZFPU8821693,02/09/2025,FXD,SOC,NO,PBE-22/2025 BMS-SBY,02/09/2025,A,13,6,3,40 HC,-
YUOI9823219,18/09/2024,MXD,SOC,NO,ASN-18/2024 NNK-SBY,--/--/---- [---],B,1,7,1,40 HC,-
TGIA9592838,05/09/2025,MXD,SOC,NO,OSI-11/2025 BIT-SBY,--/--/---- [---],C,1,6,4,40 HC,-
WRBI6418104,02/09/2025,FXD,SOC,NO,PBE-22/2025 BMS-SBY,02/09/2025,C,18,7,1,40 HC,-
SCRG9003456,18/09/2024,MXD,SOC,NO,ASN-18/2024 NNK-SBY,--/--/---- [---],B,1,7,2,40 HC,-
EISQ5394588,02/09/2025,FXD,SOC,NO,PST-23/2025 PAL-SBY,02/09/2025,B,18,7,1,40 HC,-
ATVR5410360,02/09/2025,FXD,SOC,NO,PST-23/2025 PAL-SBY,02/09/2025,C,1,7,5,40 HC,-
HXDT0858427,05/09/2025,MXD,SOC,NO,ASR-12/2025 BPN-SBY,--/--/---- [---],C,18,6,4,40 HC,-
UKPH9109064,02/09/2025,FXD,SOC,NO,PBE-22/2025 BMS-SBY,02/09/2025,B,18,7,3,40 HC,-
LADA2005293,13/08/2025,MTA,COC,NO,OGO-11/2025 SRG-JKT,13/08/2025 [MTA],A,12,1,1,20 RM,C
ZMJV2101365,03/09/2025,MTA,COC,NO,PFA-18/2025 BRU-SBY,03/09/2025 [MTA],A,1,2,1,21 DC,C
ZJDN2104977,03/09/2025,MTA,COC,NO,ODI-12/2025 MKS-JKT,03/09/2025 [MTA],A,7,1,1,21 DC,C
FZKQ2105028,06/09/2025,FXD,COC,NO,OSI-11/2025 BIT-SBY,06/09/2025,C,11,1,1,21 DC,C
CJFW2105561,05/09/2025,MTA,COC,NO,ASR-12/2025 SDA-SBY,05/09/2025 [MTA],A,7,1,2,21 DC,C
NJZU2610573,02/05/2018,MNA,COC,NO,HAP-02/2018 TIM-SBY,02/05/2018 [MTA],C,3,7,1,20 DC,C
FHBE2648726,05/09/2025,FXD,COC,NO,OEM-13/2025 JKT-SBY,05/09/2025,A,12,3,2,20 DC,C
PEMY2646828,05/09/2025,FXD,COC,NO,OEM-13/2025 JKT-SBY,05/09/2025,C,5,7,1,20 DC,C
XDKN2674265,14/09/2022,MNA,COC,NO,NIR-04/2021 MKS-JKT,05/05/2021 [MTA],A,1,2,6,20 DC,C
DMZH2685800,05/09/2025,FTL,COC,NO,FOR-23/2025 SBY-BRU,--/--/---- [---],B,11,4,4,20 DC,C
GFIO2687079,03/09/2025,FXD,COC,NO,PAH-27/2025 BLC-SBY,03/09/2025,C,3,2,2,20 DC,C
UQDX2687481,03/09/2025,FXD,COC,NO,PAH-27/2025 BLC-SBY,03/09/2025,A,12,4,4,20 DC,C
CQQH2689450,03/09/2025,FXD,COC,NO,ODI-12/2025 MKS-SBY,03/09/2025,C,10,3,1,20 DC,C
BEDU2685877,05/09/2025,FXD,COC,NO,OEM-13/2025 JKT-SBY,05/09/2025,C,4,6,2,20 DC,C
SKTL2685545,03/09/2025,FXD,COC,NO,PAH-27/2025 BLC-SBY,03/09/2025,B,10,7,1,20 DC,C
ZQWG2684942,04/09/2025,FTL,COC,NO,FOR-23/2025 SBY-BRU,--/--/---- [---],B,3,1,1,20 DC,C
RNPX2696844,03/09/2025,FXD,COC,NO,PAH-27/2025 BLC-SBY,03/09/2025,A,6,1,3,20 DC,C
PWFJ2695387,03/09/2025,FXD,COC,NO,PAH-27/2025 BLC-SBY,03/09/2025,A,4,6,4,20 DC,C
IYSW2691673,03/09/2025,FXD,COC,NO,PAH-27/2025 BLC-SBY,03/09/2025,B,8,3,3,20 DC,C
PCZZ2693456,03/09/2025,FXD,COC,NO,PAH-27/2025 BLC-SBY,03/09/2025,B,10,2,2,20 DC,C
KQJV2692379,14/08/2025,MTA,COC,NO,HAP-07/2025 AMB-JKT,14/08/2025 [MTA],A,2,2,1,20 DC,C
XSBQ2698428,23/08/2025,FXD,COC,NO,BSA-19/2025 BLC-SBY,23/08/2025,C,10,1,1,20 DC,C
MENL2696109,03/09/2025,FXD,COC,NO,PAH-27/2025 BLC-SBY,03/09/2025,A,6,1,2,20 DC,C
UKLF2697225,05/09/2025,FXD,COC,NO,OEM-13/2025 JKT-SBY,05/09/2025,B,7,6,2,20 DC,C
VXCM2693102,03/09/2025,FXD,COC,NO,ODI-12/2025 MKS-SBY,03/09/2025,A,10,4,1,20 DC,C
HCTH2703196,16/08/2025,FXD,COC,NO,RAT-31/2025 SDA-SBY,16/08/2025,A,9,5,1,20 DC,C
TZGD2702755,06/07/2025,FXD,COC,NO,PLA-13/2025 SDA-SBY,06/07/2025,C,10,6,2,20 DC,C
FIZN2705298,06/07/2025,FXD,COC,NO,PLA-13/2025 SDA-SBY,06/07/2025,A,11,6,2,20 DC,C
FGPT2703019,14/08/2025,MTA,COC,NO,HAP-07/2025 MKE-SBY,14/08/2025 [MTA],A,4,1,1,20 DC,C
LMBV2703391,03/09/2025,FXD,COC,NO,PAH-27/2025 BLC-SBY,03/09/2025,A,12,4,3,20 DC,C
BHLC2706944,03/09/2025,FXD,COC,NO,ODI-12/2025 MKS-SBY,03/09/2025,C,10,4,2,20 DC,C
JCWC2701199,04/09/2025,FXD,COC,NO,HAY-09/2025 TIM-SBY,04/09/2025,B,6,3,1,20 DC,C
CMQN2702212,23/08/2025,FXD,COC,NO,BSA-19/2025 BLC-SBY,23/08/2025,B,15,1,3,20 DC,C
MRSN2707739,03/09/2025,FXD,COC,NO,PAH-27/2025 BLC-SBY,03/09/2025,A,3,3,3,20 DC,C
VNHE2706651,08/08/2025,MTA,COC,NO,PLA-16/2025 BAU-SBY,08/08/2025 [MTA],A,11,5,1,20 DC,C
NGMO2715617,03/09/2025,FXD,COC,NO,PAH-27/2025 BLC-SBY,03/09/2025,C,14,7,1,20 DC,C
RQAB2712489,19/08/2025,FXD,COC,YES,AKA-14/2025 TGK-SBY,19/08/2025,B,15,6,2,20 DC,C
DECP2714010,03/09/2025,FXD,COC,NO,PAH-27/2025 BLC-SBY,03/09/2025,C,9,2,3,20 DC,C
GXAB2712205,03/09/2025,FXD,COC,NO,PAH-27/2025 BLC-SBY,03/09/2025,A,5,4,3,20 DC,C
ODVV2718621,26/08/2025,FXD,COC,NO,OGA-13/2025 MKS-SBY,26/08/2025,A,11,4,3,20 DC,C
FLAU2712950,03/09/2025,FXD,COC,NO,PAH-27/2025 BLC-SBY,03/09/2025,A,3,3,1,20 DC,C
FPVB2710989,26/08/2025,FXD,COC,NO,OGA-13/2025 MKS-SBY,26/08/2025,B,5,5,1,20 DC,C
CDQF2721875,03/09/2025,MTA,COC,NO,PAH-27/2025 BLC-SBY,03/09/2025 [MTA],C,8,2,1,20 DC,C
XJYF2726878,04/09/2025,MTA,COC,NO,AKA-15/2025 GTO-SBY,04/09/2025 [MTA],B,6,6,1,20 DC,C
HHMH2726402,23/08/2025,FXD,COC,NO,BSA-19/2025 BLC-SBY,23/08/2025,C,9,7,2,20 DC,C
CDIZ2720207,06/08/2025,MTA,COC,NO,OGA-13/2025 JKT-SBY,06/08/2025 [MTA],B,7,7,1,20 DC,C
BIHK2722546,26/08/2025,FXD,COC,NO,OGA-13/2025 MKS-SBY,26/08/2025,B,3,6,3,20 DC,C
AFOU2726691,03/09/2025,FXD,COC,NO,PAH-27/2025 BLC-SBY,03/09/2025,B,10,7,2,20 DC,C
PPHA2722626,03/09/2025,FXD,COC,NO,ODI-12/2025 MKS-SBY,03/09/2025,A,12,6,2,20 DC,C
GPYT2721694,24/08/2025,MTA,COC,NO,ORU-11/2025 JKT-SBY,24/08/2025 [MTA],A,3,2,2,20 DC,C
PGHH2725414,05/09/2025,FTL,COC,NO,FOR-23/2025 SBY-BRU,--/--/---- [---],B,11,4,2,20 DC,C
ONCB2723572,03/09/2025,FXD,COC,NO,PAH-27/2025 BLC-SBY,03/09/2025,B,8,3,2,20 DC,C
WBSI2721068,12/07/2025,FXD,COC,NO,RAT-26/2025 SDA-SBY,12/07/2025,C,15,7,2,20 DC,C
PMEP2729069,03/09/2025,FXD,COC,NO,PAH-27/2025 BLC-SBY,03/09/2025,B,11,3,4,20 DC,C
EOUO2728893,03/09/2025,FXD,COC,NO,PAH-27/2025 BLC-SBY,03/09/2025,C,3,2,3,20 DC,C
JFDY2726054,23/08/2025,FXD,COC,NO,BSA-19/2025 BLC-SBY,23/08/2025,C,13,1,1,20 DC,C
XLXT2730525,03/09/2025,FXD,COC,NO,ODI-12/2025 MKS-SBY,03/09/2025,A,12,7,2,20 DC,C
FNDZ2735426,03/09/2025,FXD,COC,NO,PAH-27/2025 BLC-SBY,03/09/2025,B,9,3,1,20 DC,C
PRWO2736945,23/08/2025,FXD,COC,NO,BSA-19/2025 BLC-SBY,23/08/2025,C,14,6,1,20 DC,C
LRCN2739609,03/09/2025,FXD,COC,NO,ODI-12/2025 MKS-SBY,03/09/2025,A,10,4,2,20 DC,C
KUOZ2734490,04/09/2025,FXD,COC,NO,HAY-09/2025 MKE-SBY,04/09/2025,A,8,6,3,20 DC,C
AIMU2739207,03/09/2025,FXD,COC,NO,PAH-27/2025 BLC-SBY,03/09/2025,C,7,7,1,20 DC,C
CWMS2735963,03/09/2025,FXD,COC,NO,HAY-09/2025 MKE-SBY,03/09/2025,B,10,5,3,20 DC,C
ITPF2739152,25/08/2025,MTA,COC,NO,HSG-12/2025 SRI-SBY,25/08/2025 [MTA],A,8,6,2,20 DC,C
XRSM2734266,03/09/2025,FXD,COC,NO,PAH-27/2025 BLC-SBY,03/09/2025,C,14,2,3,20 DC,C
ZNCQ2739395,03/09/2025,FXD,COC,NO,PAH-27/2025 BLC-SBY,03/09/2025,B,10,7,3,20 DC,C
ECBY2731676,23/08/2025,FXD,COC,NO,BSA-19/2025 BLC-SBY,23/08/2025,B,11,7,1,20 DC,C
KBNV2739799,03/09/2025,FXD,COC,NO,ODI-12/2025 SRG-SBY,03/09/2025,C,5,3,1,20 DC,C
CRMX2740925,03/09/2025,MTA,COC,NO,PFA-18/2025 BRU-SBY,03/09/2025 [MTA],B,6,2,1,20 DC,C
NFGZ2746288,23/08/2025,FXD,COC,NO,BSA-19/2025 BLC-SBY,23/08/2025,C,8,7,2,20 DC,C
QQGP2740194,14/08/2025,MTA,COC,NO,HSJ-14/2025 TRK-SBY,14/08/2025 [MTA],A,11,7,1,20 DC,C
RVGZ2743532,03/09/2025,FXD,COC,NO,PAH-27/2025 BLC-SBY,03/09/2025,C,3,2,4,20 DC,C
TQEJ2740112,04/09/2025,FXD,COC,NO,HAY-09/2025 MKE-SBY,04/09/2025,B,14,3,4,20 DC,C
CLTG2745306,03/09/2025,FXD,COC,NO,PAH-27/2025 BLC-SBY,03/09/2025,C,8,2,3,20 DC,C
IAQX2742884,05/07/2025,FXD,COC,NO,PLA-13/2025 SDA-SBY,05/07/2025,C,10,4,3,20 DC,C
JBVZ2742424,23/08/2025,FXD,COC,NO,BSA-19/2025 BLC-SBY,23/08/2025,A,7,6,2,20 DC,C
EOWJ2757571,29/08/2025,MTA,COC,NO,HAN-08/2025 MKE-SBY,29/08/2025 [MTA],B,13,2,2,20 DC,C
GUGG2755410,23/08/2025,FXD,COC,NO,BSA-19/2025 BLC-SBY,23/08/2025,B,15,7,1,20 DC,C
IAKB2758261,03/09/2025,FXD,COC,NO,PAH-27/2025 BLC-SBY,03/09/2025,A,9,7,2,20 DC,C
ZCNQ2753650,03/09/2025,FXD,COC,NO,PAH-27/2025 BLC-SBY,03/09/2025,A,9,7,1,20 DC,C
GCEU2757754,23/08/2025,FXD,COC,NO,BSA-19/2025 BLC-SBY,23/08/2025,C,9,3,2,20 DC,C
VJIX2752847,03/09/2025,FXD,COC,YES,ODI-12/2025 KDR-SBY,03/09/2025,A,6,3,3,20 DC,C
JFCE2764548,23/08/2025,MTA,COC,NO,RAT-32/2025 SDA-SBY,23/08/2025 [MTA],A,12,1,3,20 DC,B
UJVT2764500,03/09/2025,FXD,COC,NO,ODI-12/2025 MKS-SBY,03/09/2025,A,8,3,2,20 DC,B
VZNF2769414,03/09/2025,FXD,COC,NO,PAH-27/2025 BLC-SBY,03/09/2025,C,14,2,1,20 DC,B
VNSK2762030,23/08/2025,MTD,COC,NO,HJE-08/2025 MRI-SBY,14/08/2025 [MTA],B,14,6,1,20 DC,B
CSJN2767829,29/08/2025,MTA,COC,NO,HAN-08/2025 MKE-SBY,29/08/2025 [MTA],C,15,6,2,20 DC,B
OHWD2763684,23/08/2025,FXD,COC,NO,BSA-19/2025 BLC-SBY,23/08/2025,B,4,3,1,20 DC,B
CTKW2766022,29/08/2025,FTL,COC,YES,HSJ-16/2025 SBY-NBR,--/--/---- [---],A,2,5,3,20 DC,B
PVYV2774833,03/09/2025,FXD,COC,NO,ODI-12/2025 MKS-SBY,03/09/2025,B,13,5,1,20 DC,B
GAIT2778297,23/08/2025,FXD,COC,NO,BSA-19/2025 BLC-SBY,23/08/2025,A,7,6,1,20 DC,B
TSEQ2773020,13/08/2025,MTA,COC,NO,BKU-24/2025 PAL-SBY,13/08/2025 [MTA],A,10,3,1,20 DC,B
EYZY2770108,04/09/2025,FXD,COC,NO,AKA-15/2025 GTO-SBY,04/09/2025,B,6,2,5,20 DC,B
VHPP2771253,03/09/2025,FXD,COC,NO,PAH-27/2025 BLC-SBY,03/09/2025,B,7,4,1,20 DC,B
ODTB2772051,24/08/2025,MTA,COC,NO,ORU-11/2025 JKT-SBY,24/08/2025 [MTA],A,3,2,1,20 DC,B
NIKY2778063,03/09/2025,FXD,COC,NO,ODI-12/2025 SRG-SBY,03/09/2025,C,5,4,3,20 DC,B
TIQL2779255,03/09/2025,FXD,COC,NO,PAH-27/2025 BLC-SBY,03/09/2025,B,15,4,4,20 DC,B
PJRP2773595,26/08/2025,FXD,COC,NO,OGA-13/2025 MKS-SBY,26/08/2025,B,3,6,4,20 DC,B
ZHAT2779437,03/09/2025,FXD,COC,NO,PAH-27/2025 BLC-SBY,03/09/2025,C,3,2,1,20 DC,B
ZIAX2773241,04/09/2025,FTL,COC,NO,FOR-23/2025 SBY-BRU,--/--/---- [---],B,7,2,3,20 DC,B
MRQO2782769,16/01/2025,FXD,COC,NO,LUZ-01/2025 JKT-SBY,16/01/2025,A,3,2,3,20 DC,B
RDHG2788828,05/09/2025,FTL,COC,NO,FOR-23/2025 SBY-BRU,--/--/---- [---],B,11,4,1,20 DC,B
PNDD2781978,06/09/2025,MTA,COC,NO,PRI-23/2025 BRU-SBY,06/09/2025 [MTA],A,1,7,4,20 DC,B
WRGN2780615,03/09/2025,FXD,COC,NO,PAH-27/2025 BLC-SBY,03/09/2025,B,11,3,3,20 DC,B
EPFG2783609,23/08/2025,FXD,COC,NO,BSA-19/2025 BLC-SBY,23/08/2025,B,14,3,1,20 DC,B
CIGQ2781618,23/08/2025,FXD,COC,NO,BSA-19/2025 BLC-SBY,23/08/2025,A,11,4,1,20 DC,B
UZWC2781130,04/09/2025,FXD,COC,YES,AKA-15/2025 TGK-SBY,04/09/2025,C,10,5,2,20 DC,B
ASZW2787536,03/09/2025,FXD,COC,NO,ODI-12/2025 SRG-SBY,03/09/2025,A,8,7,1,20 DC,B
THXK2785285,23/08/2025,FXD,COC,NO,BSA-19/2025 BLC-SBY,23/08/2025,B,15,4,1,20 DC,B
EKUM2783947,23/08/2025,FXD,COC,NO,BSA-19/2025 BLC-SBY,23/08/2025,B,14,3,2,20 DC,B
RVKV2786331,04/09/2025,FXD,COC,NO,AKA-15/2025 GTO-SBY,04/09/2025,B,6,5,5,20 DC,B
GWGT2785350,14/08/2025,MTA,COC,NO,HAP-07/2025 AMB-JKT,14/08/2025 [MTA],A,6,7,1,20 DC,B
JJVS2786202,03/09/2025,FXD,COC,NO,PAH-27/2025 BLC-SBY,03/09/2025,A,3,6,4,20 DC,B
NXGN2789584,23/08/2025,FXD,COC,NO,BSA-19/2025 BLC-SBY,23/08/2025,B,15,6,1,20 DC,B
FQYI2788323,23/08/2025,FXD,COC,NO,BSA-19/2025 BLC-SBY,23/08/2025,B,11,6,2,20 DC,B
GFSE2794909,23/08/2025,FXD,COC,NO,BSA-19/2025 BLC-SBY,23/08/2025,C,11,6,2,20 DC,B
FWWO2790863,19/08/2025,FXD,COC,YES,AKA-14/2025 TGK-SBY,19/08/2025,A,12,1,2,20 DC,B
TBAV2793949,23/08/2025,FXD,COC,NO,BSA-19/2025 BLC-SBY,23/08/2025,C,8,7,1,20 DC,B
FLIQ2793448,03/09/2025,FXD,COC,NO,PAH-27/2025 BLC-SBY,03/09/2025,A,3,3,4,20 DC,B
AAAJ2797923,23/08/2025,FXD,COC,NO,BSA-19/2025 BLC-SBY,23/08/2025,A,10,4,5,20 DC,B
AVPY2796037,23/08/2025,FXD,COC,NO,BSA-19/2025 BLC-SBY,23/08/2025,C,11,6,1,20 DC,B
CRMX2798175,29/08/2025,MTA,COC,NO,HJE-09/2025 BIT-SBY,29/08/2025 [MTA],B,10,3,1,20 DC,B
RCGL2796573,03/09/2025,FXD,COC,NO,ODI-12/2025 SRG-SBY,03/09/2025,C,4,5,4,20 DC,B
HYXN2805547,02/09/2025,FXD,COC,NO,PST-23/2025 PAL-SBY,02/09/2025,A,9,2,1,20 DC,B
SDWU2805617,03/09/2025,FXD,COC,NO,PAH-27/2025 BLC-SBY,03/09/2025,A,4,6,2,20 DC,B
KQMW2806339,04/09/2025,FTL,COC,NO,FOR-23/2025 SBY-BRU,--/--/---- [---],B,7,2,1,20 DC,B
AZBY2807952,05/09/2025,FTL,COC,NO,FOR-23/2025 SBY-BRU,--/--/---- [---],B,11,4,3,20 DC,B
MGNE2808813,03/09/2025,FXD,COC,NO,PAH-27/2025 BLC-SBY,03/09/2025,B,15,3,2,20 DC,B
YWXA2805980,03/09/2025,FXD,COC,NO,PAH-27/2025 BLC-SBY,03/09/2025,B,10,2,1,20 DC,B
NOSG2805889,03/09/2025,FXD,COC,NO,ODI-12/2025 SRG-SBY,03/09/2025,B,11,6,1,20 DC,B
TGFU2802873,23/08/2025,FXD,COC,NO,BSA-19/2025 BLC-SBY,23/08/2025,B,15,7,2,20 DC,B
IVJR2809225,03/09/2025,FXD,COC,NO,PAH-27/2025 BLC-SBY,03/09/2025,B,11,3,2,20 DC,B
WWGD2801977,29/08/2025,MTA,COC,NO,HAN-08/2025 MKE-SBY,29/08/2025 [MTA],A,6,3,1,20 DC,B
JCLL2805153,03/09/2025,FXD,COC,NO,PAH-27/2025 BLC-SBY,03/09/2025,A,12,4,2,20 DC,B
CDVA2801189,04/09/2025,MTA,COC,NO,AKA-15/2025 GTO-SBY,04/09/2025 [MTA],A,12,2,1,20 DC,B
XYZA2801782,03/09/2025,FXD,COC,NO,PAH-27/2025 BLC-SBY,03/09/2025,A,4,6,1,20 DC,B
LHDF2814014,03/09/2025,FXD,COC,NO,PAH-27/2025 BLC-SBY,03/09/2025,C,14,2,2,20 DC,B
ADOX2810722,26/08/2025,FXD,COC,NO,OGA-13/2025 MKS-SBY,26/08/2025,C,15,1,2,20 DC,B
NLMT2819337,03/09/2025,FXD,COC,NO,PAH-27/2025 BLC-SBY,03/09/2025,C,8,3,1,20 DC,B
ITTU2811687,18/08/2025,MTD,COC,NO,ASG-16/2025 BPN-BLC,01/08/2025 [MTA],B,7,1,1,20 DC,B
NDID2810446,03/09/2025,FXD,COC,NO,PAH-27/2025 BLC-SBY,03/09/2025,C,9,2,4,20 DC,B
ZIFM2819141,03/09/2025,FXD,COC,NO,PAH-27/2025 BLC-SBY,03/09/2025,B,15,6,4,20 DC,B
HIRP2813957,03/09/2025,FXD,COC,NO,PAH-27/2025 BLC-SBY,03/09/2025,C,7,7,3,20 DC,B
SKBM2816307,03/09/2025,FXD,COC,NO,PAH-27/2025 BLC-SBY,03/09/2025,A,8,2,1,20 DC,B
VOOV2813850,30/08/2025,MTA,COC,NO,HAN-08/2025 TIM-SBY,30/08/2025 [MTA],B,12,4,2,20 DC,B
JPRU2810846,03/09/2025,FXD,COC,NO,PAH-27/2025 BLC-SBY,03/09/2025,A,9,3,1,20 DC,B
JXFI2815732,30/08/2025,MTA,COC,NO,RAT-33/2025 SDA-SBY,30/08/2025 [MTA],B,14,3,3,20 DC,B
QJRQ2811347,23/08/2025,FXD,COC,NO,BSA-19/2025 BLC-SBY,23/08/2025,B,14,7,3,20 DC,B
BRKB2819648,23/08/2025,FXD,COC,NO,BSA-19/2025 BLC-SBY,23/08/2025,A,12,5,2,20 DC,B
DKVL2825886,05/09/2025,FXD,COC,NO,BAU-18/2025 BMS-SBY,05/09/2025,A,11,7,3,20 DC,B
VBLN2829613,03/09/2025,FXD,COC,NO,PAH-27/2025 BLC-SBY,03/09/2025,B,11,3,1,20 DC,B
NGBS2823371,14/08/2025,MTA,COC,NO,HAP-07/2025 TIM-SBY,14/08/2025 [MTA],B,12,4,1,20 DC,B
ECOC2826692,03/09/2025,FXD,COC,NO,PAH-27/2025 BLC-SBY,03/09/2025,C,9,4,1,20 DC,B
FYWP2824177,14/08/2025,FXD,COC,YES,HAP-07/2025 AMB-SBY,14/08/2025,C,8,1,1,20 DC,B
GOVY2828735,03/09/2025,MTA,COC,NO,ODI-12/2025 SRG-SBY,03/09/2025 [MTA],A,9,5,4,20 DC,B
ZVWC2825750,06/08/2025,MTD,COC,NO,HAY-07/2025 AMB-JKT,03/08/2025 [MTA],A,5,1,1,20 DC,B
WUBL2825304,03/09/2025,FXD,COC,NO,ODI-12/2025 SRG-SBY,03/09/2025,B,6,7,3,20 DC,B
QZBZ2829961,03/09/2025,FXD,COC,NO,PAH-27/2025 BLC-SBY,03/09/2025,B,8,5,2,20 DC,B
SBML2823959,23/08/2025,MTA,COC,NO,RAT-32/2025 SDA-SBY,23/08/2025 [MTA],A,12,6,1,20 DC,B
MDOG2820329,03/09/2025,FXD,COC,NO,ODI-12/2025 SRG-SBY,03/09/2025,C,4,7,2,20 DC,B
EZVF2826786,03/09/2025,FXD,COC,NO,PAH-27/2025 BLC-SBY,03/09/2025,B,8,5,1,20 DC,B
DLPP2827977,04/09/2025,FXD,COC,YES,AKA-15/2025 TGK-SBY,04/09/2025,C,10,5,3,20 DC,B
MCFA2826697,03/09/2025,FXD,COC,NO,PAH-27/2025 BLC-SBY,03/09/2025,C,12,7,1,20 DC,B
JLIO2824208,04/09/2025,FXD,COC,NO,AKA-15/2025 GTO-SBY,04/09/2025,A,12,7,1,20 DC,B
VADI2822628,03/09/2025,FXD,COC,NO,PAH-27/2025 BLC-SBY,03/09/2025,A,3,3,2,20 DC,B
QXFC2824949,03/09/2025,FXD,COC,NO,ODI-12/2025 SRG-SBY,03/09/2025,A,8,7,3,20 DC,B
ITEU2835337,03/09/2025,FXD,COC,NO,PAH-27/2025 BLC-SBY,03/09/2025,C,14,7,2,20 DC,B
EAQG2835179,23/08/2025,FXD,COC,NO,BSA-19/2025 BLC-SBY,23/08/2025,C,10,6,3,20 DC,B
FXOW2834692,03/09/2025,FXD,COC,NO,PAH-27/2025 BLC-SBY,03/09/2025,C,8,3,2,20 DC,B
SOGM2831975,03/09/2025,FXD,COC,NO,PAH-27/2025 BLC-SBY,03/09/2025,C,9,2,1,20 DC,B
WLXG2832247,19/08/2025,FXD,COC,YES,AKA-14/2025 TGK-SBY,19/08/2025,B,15,4,2,20 DC,B
ZQFD2833107,03/09/2025,FXD,COC,NO,PAH-27/2025 BLC-SBY,03/09/2025,A,3,5,2,20 DC,B
FXFB2834861,03/09/2025,FXD,COC,NO,PAH-27/2025 BLC-SBY,03/09/2025,B,10,1,2,20 DC,B
BKWL2830661,08/08/2025,MTA,COC,NO,LUZ-10/2025 TUA-SBY,08/08/2025 [MTA],A,7,5,1,20 DC,B
OGTK2836188,23/08/2025,FXD,COC,NO,BSA-19/2025 BLC-SBY,23/08/2025,B,14,7,2,20 DC,B
QHIL2830747,03/09/2025,FXD,COC,NO,PAH-27/2025 BLC-SBY,03/09/2025,B,12,6,1,20 DC,B
GDXY2837460,23/08/2025,FXD,COC,NO,BSA-19/2025 BLC-SBY,23/08/2025,A,11,4,2,20 DC,B
JITY2835619,23/08/2025,FXD,COC,NO,BSA-19/2025 BLC-SBY,23/08/2025,C,13,2,2,20 DC,B
KNDY2833289,21/08/2025,FXD,COC,NO,OJA-10/2025 BPN-SBY,21/08/2025,B,8,3,1,20 DC,B
VHRQ2835956,23/08/2025,FXD,COC,NO,BSA-19/2025 BLC-SBY,23/08/2025,B,14,7,1,20 DC,B
OHGT2839608,28/08/2025,FXD,COC,YES,HJE-09/2025 BOE-SBY,28/08/2025,C,7,5,1,20 DC,B
OVQZ2838030,23/08/2025,FXD,COC,NO,BSA-19/2025 BLC-SBY,23/08/2025,C,13,4,1,20 DC,B
VWDR2832342,03/09/2025,FXD,COC,NO,PAH-27/2025 BLC-SBY,03/09/2025,C,8,4,3,20 DC,B
ZKHK2831819,06/09/2025,FXD,COC,NO,OSI-11/2025 TTE-SBY,06/09/2025,A,4,5,1,20 DC,B
ZZPA2836254,23/08/2025,FXD,COC,NO,BSA-19/2025 BLC-SBY,23/08/2025,A,12,4,5,20 DC,B
CTVL2832864,23/08/2025,FXD,COC,NO,BSA-19/2025 BLC-SBY,23/08/2025,A,9,6,5,20 DC,B
DLGG2843962,03/09/2025,FXD,COC,NO,ODI-12/2025 SRG-SBY,03/09/2025,A,7,5,3,20 DC,B
JAYR2848935,03/09/2025,FXD,COC,NO,PAH-27/2025 BLC-SBY,03/09/2025,A,12,4,1,20 DC,B
IHGO2845755,28/08/2025,FXD,COC,YES,HJE-09/2025 BOE-SBY,28/08/2025,A,10,3,5,20 DC,B
DDXF2843688,23/08/2025,FXD,COC,NO,BSA-19/2025 BLC-SBY,23/08/2025,C,13,1,2,20 DC,B
THBK2846606,03/09/2025,FXD,COC,NO,PAH-27/2025 BLC-SBY,03/09/2025,B,8,2,1,20 DC,B
RRZM2842059,06/09/2025,FXD,COC,NO,OSI-11/2025 TTE-SBY,06/09/2025,A,4,5,4,20 DC,B
UPTK2844941,13/08/2025,MTA,COC,NO,HAP-07/2025 AMB-JKT,13/08/2025 [MTA],B,13,7,1,20 DC,B
QYCG2844561,23/08/2025,FXD,COC,NO,BSA-19/2025 BLC-SBY,23/08/2025,A,8,2,3,20 DC,B
XINR2844134,03/09/2025,FXD,COC,NO,PAH-27/2025 BLC-SBY,03/09/2025,C,12,7,2,20 DC,B
LUNE2842932,30/08/2025,MTA,COC,NO,RAT-33/2025 SDA-SBY,30/08/2025 [MTA],A,6,5,4,20 DC,B
WIKD2845834,03/09/2025,FXD,COC,NO,ODI-12/2025 MKS-SBY,03/09/2025,C,5,6,1,20 DC,B
VARC2842632,03/09/2025,FXD,COC,NO,PAH-27/2025 BLC-SBY,03/09/2025,C,7,7,4,20 DC,B
FKDW2840339,23/08/2025,FXD,COC,NO,BSA-19/2025 BLC-SBY,23/08/2025,C,14,6,2,20 DC,B
MKYY2855680,03/09/2025,FXD,COC,NO,ODI-12/2025 MKS-SBY,03/09/2025,A,11,3,2,20 DC,B
SBKR2855728,03/09/2025,FXD,COC,NO,PFA-18/2025 BRU-SBY,03/09/2025,B,9,4,1,20 DC,B
RSPM2856172,27/08/2025,FXD,COC,YES,LUZ-11/2025 AMB-SBY,27/08/2025,C,8,1,2,20 DC,B
LHNO2856992,02/09/2025,FXD,COC,NO,PST-23/2025 PAL-SBY,02/09/2025,B,13,7,2,20 DC,B
WENK2855023,01/09/2025,MTA,COC,NO,HAN-08/2025 TIM-SBY,01/09/2025 [MTA],B,5,1,1,20 DC,B
QMTO2851938,04/09/2025,FTL,COC,NO,FOR-23/2025 SBY-BRU,--/--/---- [---],B,3,1,3,20 DC,B
PVGL2858273,03/09/2025,FXD,COC,NO,PAH-27/2025 BLC-SBY,03/09/2025,C,9,4,2,20 DC,B
NPKE2858729,23/08/2025,FXD,COC,NO,BSA-19/2025 BLC-SBY,23/08/2025,B,14,5,2,20 DC,B
WNMH2857636,03/09/2025,FXD,COC,NO,PAH-27/2025 BLC-SBY,03/09/2025,B,12,6,2,20 DC,B
MYWW2859446,23/08/2025,FXD,COC,NO,BSA-19/2025 BLC-SBY,23/08/2025,B,15,1,2,20 DC,B
CMCT2851604,31/08/2025,FXD,COC,NO,OEM-12/2025 TTE-SBY,31/08/2025,A,3,6,3,20 DC,B
FSJC2866997,15/08/2025,MTA,COC,NO,DER-20/2025 SPT-SBY,15/08/2025 [MTA],A,10,3,2,20 DC,B
UEOP2867024,23/08/2025,FXD,COC,NO,BSA-19/2025 BLC-SBY,23/08/2025,A,8,6,1,20 DC,B
QJEJ2862446,15/08/2025,MTA,COC,NO,HSJ-14/2025 TRK-SBY,15/08/2025 [MTA],B,4,1,1,20 DC,B
ICGW2861574,03/09/2025,FXD,COC,NO,PAH-27/2025 BLC-SBY,03/09/2025,C,12,6,2,20 DC,B
WPBU2869184,23/08/2025,FXD,COC,NO,BSA-19/2025 BLC-SBY,23/08/2025,C,13,2,3,20 DC,B
EDAJ2867427,06/09/2025,FXD,COC,NO,OSI-11/2025 TTE-SBY,06/09/2025,A,4,5,2,20 DC,B
MVLQ2867989,03/09/2025,FXD,COC,NO,PAH-27/2025 BLC-SBY,03/09/2025,C,14,4,1,20 DC,B
IAOG2861819,04/09/2025,FTL,COC,NO,FOR-23/2025 SBY-BRU,--/--/---- [---],B,15,2,2,20 DC,B
TFDM2860418,03/09/2025,FXD,COC,NO,PAH-27/2025 BLC-SBY,03/09/2025,B,8,5,3,20 DC,B
YIVS2865902,03/09/2025,FXD,COC,NO,ODI-12/2025 KDR-SBY,03/09/2025,C,8,2,2,20 DC,B
CBAP2868488,23/08/2025,FXD,COC,NO,BSA-19/2025 BLC-SBY,23/08/2025,B,15,7,3,20 DC,B
ILNT2867361,05/09/2025,FTL,COC,NO,FOR-23/2025 SBY-BRU,--/--/---- [---],A,1,2,2,20 DC,B
GYMH2871773,18/08/2025,MTA,COC,NO,ASN-17/2025 BPN-SBY,18/08/2025 [MTA],A,9,6,4,20 DC,B
SOCU2870740,04/09/2025,FTL,COC,NO,FOR-23/2025 SBY-BRU,--/--/---- [---],B,3,1,2,20 DC,B
BOMX2875985,26/08/2025,FXD,COC,NO,OGA-13/2025 MKS-SBY,26/08/2025,B,3,5,1,20 DC,B
PGPE2872146,03/09/2025,FXD,COC,NO,ODI-12/2025 SRG-SBY,03/09/2025,A,8,7,2,20 DC,B
ANMN2879073,25/08/2025,MTA,COC,NO,HSG-12/2025 SRI-SBY,25/08/2025 [MTA],B,14,5,1,20 DC,B
EMMH2874911,23/08/2025,FXD,COC,NO,BSA-19/2025 BLC-SBY,23/08/2025,B,15,1,1,20 DC,B
DJJZ2870328,03/09/2025,FXD,COC,NO,PAH-27/2025 BLC-SBY,03/09/2025,C,7,7,2,20 DC,B
NKTV2870874,05/09/2025,FTL,COC,NO,OGA-15/2025 SBY-AMB,--/--/---- [---],A,1,3,2,20 DC,B
ZMAK2870852,05/09/2025,FTL,COC,NO,OGA-15/2025 SBY-AMB,--/--/---- [---],A,1,3,1,20 DC,B
ODPF2875335,23/08/2025,FXD,COC,NO,BSA-19/2025 BLC-SBY,23/08/2025,C,9,3,1,20 DC,B
ZAJI2876434,03/09/2025,FXD,COC,NO,PAH-27/2025 BLC-SBY,03/09/2025,C,12,6,3,20 DC,B
PQPP2871642,03/09/2025,FXD,COC,NO,PAH-27/2025 BLC-SBY,03/09/2025,B,15,4,5,20 DC,B
LLYV2888991,03/09/2025,FXD,COC,NO,PAH-27/2025 BLC-SBY,03/09/2025,A,9,3,3,20 DC,B
WYDF2880408,23/08/2025,FXD,COC,NO,BSA-19/2025 BLC-SBY,23/08/2025,B,14,6,2,20 DC,B
ZIAP2885272,03/09/2025,MTA,COC,NO,ODI-12/2025 SRG-SBY,03/09/2025 [MTA],A,11,1,1,20 DC,B
LIIG2888226,03/09/2025,FXD,COC,NO,PAH-27/2025 BLC-SBY,03/09/2025,B,9,3,2,20 DC,B
GRLW2880288,03/08/2025,MTA,COC,NO,HAY-07/2025 TIM-SBY,03/08/2025 [MTA],B,15,5,1,20 DC,B
WBHD2882875,29/08/2025,MTA,COC,NO,HAN-08/2025 MKE-SBY,29/08/2025 [MTA],B,7,3,3,20 DC,B
NAAG2886929,06/09/2025,FXD,COC,NO,OSI-11/2025 TTE-SBY,06/09/2025,A,4,5,3,20 DC,B
BEED2883013,03/09/2025,FXD,COC,NO,PAH-27/2025 BLC-SBY,03/09/2025,A,4,6,3,20 DC,B
QKUH2884273,02/09/2025,FXD,COC,NO,PST-23/2025 PAL-SBY,02/09/2025,B,12,1,3,20 DC,B
KRMF2883892,23/08/2025,FXD,COC,NO,BSA-19/2025 BLC-SBY,23/08/2025,B,14,5,3,20 DC,B
CMJB2880968,03/09/2025,FXD,COC,YES,MAN-35/2025 BMS-SBY,03/09/2025,B,6,3,2,20 DC,B
YOQL2887063,03/09/2025,FXD,COC,NO,ODI-12/2025 SRG-SBY,03/09/2025,A,5,1,2,20 DC,B
XGUR2888508,18/08/2025,FXD,COC,NO,ASN-17/2025 PAL-SBY,18/08/2025,A,9,5,2,20 DC,B
UTLV2895442,03/09/2025,FXD,COC,NO,PAH-27/2025 BLC-SBY,03/09/2025,A,9,3,2,20 DC,B
VRMW2898350,26/07/2025,MTA,COC,NO,RAT-28/2025 SDA-SBY,26/07/2025 [MTA],B,15,3,1,20 DC,B
KOOH2894323,05/09/2025,FTL,COC,NO,OGA-15/2025 SBY-JYP,--/--/---- [---],A,1,3,3,20 DC,B
RTAY2897991,03/09/2025,FXD,COC,NO,ODI-12/2025 SRG-SBY,03/09/2025,B,11,1,1,20 DC,B
GMDJ2890242,23/08/2025,FXD,COC,NO,BSA-19/2025 BLC-SBY,23/08/2025,C,9,7,1,20 DC,B
TIJS2897380,03/09/2025,FXD,COC,NO,PAH-27/2025 BLC-SBY,03/09/2025,C,9,2,2,20 DC,B
YTZT2898683,23/08/2025,FXD,COC,NO,BSA-19/2025 BLC-SBY,23/08/2025,C,10,5,1,20 DC,B
SLXT2895825,03/09/2025,FXD,COC,NO,PAH-27/2025 BLC-SBY,03/09/2025,B,12,7,1,20 DC,B
SAFT2897341,03/09/2025,FXD,COC,NO,PAH-27/2025 BLC-SBY,03/09/2025,C,14,2,4,20 DC,B
PIAM2897114,03/09/2025,FXD,COC,NO,PAH-27/2025 BLC-SBY,03/09/2025,C,3,6,2,20 DC,B
JUAD2904401,30/08/2025,FXD,COC,NO,RAT-33/2025 SDA-SBY,30/08/2025,C,8,5,2,20 DC,A
QVOB2907915,05/09/2025,FXD,COC,NO,BAU-18/2025 BMS-SBY,05/09/2025,C,8,6,2,20 DC,A
OSDN2906684,03/09/2025,FXD,COC,NO,PFA-18/2025 BRU-SBY,03/09/2025,B,9,4,2,20 DC,A
PJIT2908606,30/08/2025,FTL,COC,NO,HSJ-16/2025 SBY-BIA,--/--/---- [---],B,13,6,2,20 DC,A
VLPI2909187,29/08/2025,FTL,COC,NO,HSJ-16/2025 SBY-MRI,--/--/---- [---],B,3,3,2,20 DC,A
QQRI2908540,05/09/2025,FXD,COC,YES,OEM-13/2025 JKT-SBY,05/09/2025,C,5,7,3,20 DC,A
YUYM2906797,06/09/2025,FXD,COC,NO,OSI-11/2025 BIT-SBY,06/09/2025,A,5,2,3,20 DC,A
VOPU2904267,06/09/2025,FXD,COC,NO,OSI-11/2025 TTE-SBY,06/09/2025,A,4,4,1,20 DC,A
UGJT2913012,03/09/2025,FXD,COC,NO,ODI-12/2025 SRG-SBY,03/09/2025,A,11,3,1,20 DC,A
TZNA2914934,02/09/2025,FXD,COC,NO,PST-23/2025 PAL-SBY,02/09/2025,B,13,6,4,20 DC,A
DMIM2919577,29/08/2025,FTL,COC,NO,KAA-25/2025 SBY-GTO,--/--/---- [---],A,2,6,1,20 DC,A
ZVZO2915051,02/09/2025,FXD,COC,NO,PBE-22/2025 BMS-SBY,02/09/2025,B,12,2,2,20 DC,A
FSNX2914405,02/09/2025,FXD,COC,YES,PBE-22/2025 BMS-SBY,02/09/2025,C,4,2,1,20 DC,A
VPNY2914486,02/09/2025,FXD,COC,YES,PBE-22/2025 BMS-SBY,02/09/2025,C,13,7,1,20 DC,A
FHUL2910524,03/09/2025,MTA,COC,NO,HAY-09/2025 MKE-SBY,03/09/2025 [MTA],B,6,4,4,20 DC,A
VZGW2919338,31/08/2025,FXD,COC,NO,OEM-12/2025 TTE-SBY,31/08/2025,A,3,1,3,20 DC,A
OKDL2911507,23/08/2025,FTL,COC,NO,OJA-12/2025 SBY-KAI,--/--/---- [---],B,7,7,2,20 DC,A
AUOE2916847,30/08/2025,FTL,COC,NO,HJE-12/2025 SBY-SRI,--/--/---- [---],B,14,2,2,20 DC,A
WTBW2919432,02/09/2025,FXD,COC,YES,PBE-22/2025 BMS-SBY,02/09/2025,C,13,5,1,20 DC,A
AXSD2922621,02/09/2025,FXD,COC,YES,PBE-22/2025 BMS-SBY,02/09/2025,C,13,7,2,20 DC,A
NEAE2928088,02/09/2025,FXD,COC,YES,PBE-22/2025 BMS-SBY,02/09/2025,C,13,5,2,20 DC,A
IWNC2923167,29/08/2025,FTL,COC,NO,HSJ-16/2025 SBY-MRI,--/--/---- [---],B,3,3,3,20 DC,A
VMNV2922861,03/09/2025,FXD,COC,YES,MAN-35/2025 BMS-SBY,03/09/2025,A,9,4,2,20 DC,A
SCXF2926301,05/09/2025,FXD,COC,NO,BAU-18/2025 BMS-SBY,05/09/2025,C,8,6,1,20 DC,A
GWLF2925569,31/08/2025,FTL,COC,YES,KAA-25/2025 SBY-GTO,--/--/---- [---],A,2,3,5,20 DC,A
YWFF2924458,05/09/2025,FXD,COC,YES,OEM-13/2025 JKT-SBY,05/09/2025,B,7,6,3,20 DC,A
BTRD2924915,29/08/2025,MTA,COC,NO,HAN-08/2025 TIM-SBY,29/08/2025 [MTA],B,15,6,3,20 DC,A
NWUW2924693,31/08/2025,FXD,COC,NO,TFL-22/2025 PAL-SBY,31/08/2025,B,6,5,3,20 DC,A
WXNU2925216,31/08/2025,FXD,COC,NO,TFL-22/2025 PAL-SBY,31/08/2025,A,2,4,2,20 DC,A
MNND2927222,30/08/2025,FTL,COC,NO,KAA-25/2025 SBY-GTO,--/--/---- [---],A,2,3,2,20 DC,A
JRPE2923775,03/09/2025,FXD,COC,YES,MAN-35/2025 BMS-SBY,03/09/2025,A,9,4,1,20 DC,A
LJIF2923537,05/09/2025,FXD,COC,YES,OEM-13/2025 JKT-SBY,05/09/2025,A,12,3,4,20 DC,A
QVNJ2925272,27/08/2025,MTD,COC,NO,OGO-11/2025 SRG-JKT,13/08/2025 [MTA],C,10,6,1,20 DC,A
MXAV2929350,02/09/2025,FXD,COC,YES,PBE-22/2025 BMS-SBY,02/09/2025,B,12,3,3,20 DC,A
CSSW2920744,30/08/2025,FXD,COC,YES,APE-14/2025 JKT-SBY,30/08/2025,B,4,3,2,20 DC,A
MIQC2934532,30/08/2025,FTL,COC,NO,KAA-25/2025 SBY-GTO,--/--/---- [---],A,2,6,5,20 DC,A
PQYN2936121,02/09/2025,FXD,COC,NO,OGO-13/2025 JKT-SBY,02/09/2025,C,6,2,2,20 DC,A
MYGS2933326,02/09/2025,FXD,COC,YES,PBE-22/2025 BMS-SBY,02/09/2025,C,13,7,3,20 DC,A
DXWP2931441,19/08/2025,MTA,COC,NO,BAU-16/2025 BRU-SBY,19/08/2025 [MTA],A,3,6,1,20 DC,A
EGIK2937158,05/09/2025,FXD,COC,YES,OEM-13/2025 JKT-SBY,05/09/2025,C,5,7,4,20 DC,A
JYJO2933068,06/09/2025,FXD,COC,NO,OSI-11/2025 BIT-SBY,06/09/2025,A,5,2,2,20 DC,A
WAWF2935548,07/08/2025,MTA,COC,NO,PLA-14/2025 BAU-SBY,17/07/2025 [MTA],A,8,3,1,20 DC,A
RLTL2936876,02/09/2025,FXD,COC,NO,PBE-22/2025 BMS-SBY,02/09/2025,B,12,4,3,20 DC,A
RHYC2945725,01/09/2025,MTD,COC,NO,HAN-08/2025 TIM-SBY,30/08/2025 [MTA],A,10,3,3,20 DC,A
KVHH2944910,02/09/2025,FXD,COC,YES,PBE-22/2025 BMS-SBY,02/09/2025,B,5,3,1,20 DC,A
IQTN2949436,24/08/2025,FXD,COC,NO,ORU-11/2025 JKT-SBY,24/08/2025,A,10,6,2,20 DC,A
BRCF2943732,30/08/2025,FTL,COC,NO,HSJ-16/2025 SBY-BIA,--/--/---- [---],B,13,6,1,20 DC,A
MWWU2948184,03/09/2025,FXD,COC,NO,ODI-12/2025 SRG-SBY,03/09/2025,B,9,2,4,20 DC,A
FGNZ2947235,02/09/2025,FXD,COC,YES,PBE-22/2025 BMS-SBY,02/09/2025,C,13,5,3,20 DC,A
TCBO2941741,02/09/2025,FXD,COC,NO,PST-23/2025 PAL-SBY,02/09/2025,A,6,7,2,20 DC,A
NJME2947155,30/08/2025,FTL,COC,NO,KAA-25/2025 SBY-GTO,--/--/---- [---],A,2,3,3,20 DC,A
JZAA2943056,30/08/2025,FXD,COC,YES,APE-14/2025 JKT-SBY,30/08/2025,B,6,5,1,20 DC,A
JZWE2948234,06/09/2025,FXD,COC,NO,OSI-11/2025 BIT-SBY,06/09/2025,A,5,2,1,20 DC,A
XTTY2946116,29/08/2025,FTL,COC,NO,HJE-11/2025 SBY-BPN,--/--/---- [---],B,7,3,1,20 DC,A
DNUK2940273,02/09/2025,FXD,COC,YES,PBE-22/2025 BMS-SBY,02/09/2025,B,5,3,2,20 DC,A
LLOS2945306,02/09/2025,FXD,COC,NO,PBE-22/2025 BMS-SBY,02/09/2025,A,12,1,4,20 DC,A
BCVQ2944210,29/08/2025,FTL,COC,YES,HJE-11/2025 SBY-PAL,--/--/---- [---],A,1,6,1,20 DC,A
OTQT2941526,06/09/2025,FXD,COC,NO,OSI-11/2025 BIT-SBY,06/09/2025,A,6,6,3,20 DC,A
DEIM2941707,05/09/2025,FTL,COC,YES,FOR-23/2025 SBY-BRU,--/--/---- [---],B,3,4,3,20 DC,A
GRDA2956569,02/09/2025,FXD,COC,NO,OGO-13/2025 JKT-SBY,02/09/2025,A,6,5,1,20 DC,A
XRPF2950551,02/09/2025,FXD,COC,YES,PBE-22/2025 BMS-SBY,02/09/2025,C,4,7,1,20 DC,A
PPHT2955095,28/08/2025,MTA,COC,NO,LUZ-11/2025 MRI-SBY,28/08/2025 [MTA],B,3,7,1,20 DC,A
QUYO2954364,04/09/2025,FXD,COC,NO,AKA-15/2025 GTO-SBY,04/09/2025,B,13,3,1,20 DC,A
APPC2958488,29/08/2025,FTL,COC,NO,HJE-12/2025 SBY-SRI,--/--/---- [---],B,3,2,1,20 DC,A
VNVL2955924,05/09/2025,FXD,COC,NO,BAU-18/2025 BMS-SBY,05/09/2025,A,11,7,2,20 DC,A
FRRD2953872,29/08/2025,FTL,COC,NO,HJE-12/2025 SBY-SRI,--/--/---- [---],B,3,2,2,20 DC,A
NYZV2958140,31/08/2025,FXD,COC,NO,TFL-22/2025 PAL-SBY,31/08/2025,A,4,7,4,20 DC,A
TFIX2960967,29/08/2025,FTL,COC,NO,KAA-25/2025 SBY-GTO,--/--/---- [---],A,2,6,4,20 DC,A
KCNP2968717,31/08/2025,FXD,COC,NO,TFL-22/2025 PAL-SBY,31/08/2025,C,11,4,1,20 DC,A
WSHS2960752,31/08/2025,FXD,COC,NO,OEM-12/2025 TTE-SBY,31/08/2025,A,4,2,3,20 DC,A
CMMJ2965989,29/08/2025,FTL,COC,NO,OJA-12/2025 SBY-SRG,--/--/---- [---],B,4,6,4,20 DC,A
YDBH2965975,02/09/2025,FXD,COC,NO,PST-23/2025 PAL-SBY,02/09/2025,A,6,7,3,20 DC,A
AKCE2961404,31/08/2025,FXD,COC,NO,TFL-22/2025 PAL-SBY,31/08/2025,A,3,1,1,20 DC,A
DOCL2979057,30/08/2025,FTL,COC,YES,KAA-25/2025 SBY-GTO,--/--/---- [---],A,10,7,1,20 DC,A
JZFF2971162,31/08/2025,FXD,COC,NO,TFL-22/2025 PAL-SBY,31/08/2025,A,3,5,1,20 DC,A
IDVC2976276,02/06/2025,FXD,COC,YES,OGA-09/2025 JKT-SBY,02/06/2025,B,12,3,2,20 DC,A
ZAHE2973203,29/08/2025,FTL,COC,NO,KAA-25/2025 SBY-GTO,--/--/---- [---],A,2,6,2,20 DC,A
LXCH2970943,05/09/2025,FXD,COC,NO,OEM-13/2025 JKT-SBY,05/09/2025,A,12,3,1,20 DC,A
ZYXQ2974554,30/08/2025,FTL,COC,NO,HJE-11/2025 SBY-BPN,--/--/---- [---],B,4,4,1,20 DC,A
OOYC2970298,06/09/2025,FXD,COC,NO,OSI-11/2025 BIT-SBY,06/09/2025,A,5,3,4,20 DC,A
NXKV2974479,26/08/2025,FXD,COC,YES,TBE-20/2025 JKT-SBY,26/08/2025,C,15,6,1,20 DC,A
KGWT2983809,04/09/2025,FXD,COC,NO,AKA-15/2025 GTO-SBY,04/09/2025,A,7,7,1,20 DC,A
QPFB2985105,04/09/2025,FIT,COC,YES,FOR-23/2025 SBY-BRU,--/--/---- [---],B,5,7,1,20 DC,A
ZJRL2986920,03/09/2025,FXD,COC,YES,PAH-27/2025 BLC-SBY,03/09/2025,B,9,3,3,20 DC,A
JMUP2985739,06/09/2025,FXD,COC,NO,OSI-11/2025 BIT-SBY,06/09/2025,A,5,3,3,20 DC,A
FXSE2985650,29/08/2025,FTL,COC,NO,OJA-12/2025 SBY-SRG,--/--/---- [---],B,4,6,2,20 DC,A
EECO2991029,05/09/2025,FTL,COC,NO,FOR-23/2025 SBY-BRU,--/--/---- [---],A,1,2,3,20 DC,A
TZPQ2993813,06/09/2025,FXD,COC,NO,OSI-11/2025 BIT-SBY,06/09/2025,A,5,3,2,20 DC,A
JMME2993658,26/08/2025,FXD,COC,NO,OGA-13/2025 MKS-SBY,26/08/2025,B,5,5,3,20 DC,A
GWZG2999593,06/09/2025,FXD,COC,NO,OSI-11/2025 BIT-SBY,06/09/2025,A,11,2,4,20 DC,A
QUBJ2999805,25/08/2025,MTD,COC,NO,ORU-09/2025 SRG-JKT,09/08/2025 [MTA],B,5,2,1,20 DC,A
DKZD2999542,02/09/2025,FXD,COC,NO,OGO-13/2025 JKT-SBY,02/09/2025,B,10,5,1,20 DC,A
GXCT2998656,06/09/2025,FXD,COC,NO,OSI-11/2025 BIT-SBY,06/09/2025,A,5,3,1,20 DC,A
HNTD3000825,02/06/2025,FXD,COC,YES,OGA-09/2025 JKT-SBY,02/06/2025,C,8,1,3,20 DC,A
CKYW3002698,24/08/2025,FXD,COC,NO,ORU-11/2025 JKT-SBY,24/08/2025,B,10,1,1,20 DC,A
HASB3012198,30/08/2025,FXD,COC,YES,APE-14/2025 JKT-SBY,30/08/2025,A,6,5,2,20 DC,A
HEYF3015245,02/06/2025,FXD,COC,YES,OGA-09/2025 JKT-SBY,02/06/2025,B,15,4,3,20 DC,A
SXIU3016392,06/09/2025,FXD,COC,NO,OSI-11/2025 BIT-SBY,06/09/2025,A,11,2,2,20 DC,A
IMOA3010415,05/09/2025,FTL,COC,NO,FOR-23/2025 SBY-BRU,--/--/---- [---],B,7,2,5,20 DC,A
LSRO3011997,24/08/2025,FXD,COC,NO,ORU-11/2025 JKT-SBY,24/08/2025,C,4,5,2,20 DC,A
FMHP3017557,02/06/2025,FXD,COC,YES,OGA-09/2025 JKT-SBY,02/06/2025,B,10,6,2,20 DC,A
NOFN3016815,04/09/2025,FTL,COC,NO,FOR-23/2025 SBY-BRU,--/--/---- [---],B,15,2,4,20 DC,A
QLVJ3016230,06/09/2025,FXD,COC,NO,OSI-11/2025 BIT-SBY,06/09/2025,B,15,5,2,20 DC,A
UUSZ3021325,04/09/2025,FTL,COC,NO,FOR-23/2025 SBY-BRU,--/--/---- [---],B,7,2,2,20 DC,A
QEFS3026480,30/08/2025,FXD,COC,YES,APE-14/2025 JKT-SBY,30/08/2025,B,6,5,2,20 DC,A
ZEEQ3027493,02/09/2025,FXD,COC,YES,PST-23/2025 PAL-SBY,02/09/2025,B,12,2,1,20 DC,A
LUXA3022655,06/09/2025,FXD,COC,NO,OSI-11/2025 BIT-SBY,06/09/2025,B,6,1,4,20 DC,A
LVNH3026201,06/09/2025,FXD,COC,NO,OSI-11/2025 BIT-SBY,06/09/2025,C,11,5,2,20 DC,A
JTDJ3024228,03/09/2025,FXD,COC,NO,ODI-12/2025 SRG-SBY,03/09/2025,C,4,3,1,20 DC,A
YPWG3024120,06/09/2025,FXD,COC,NO,OSI-11/2025 BIT-SBY,06/09/2025,C,11,5,4,20 DC,A
VLIO3025241,03/09/2025,FXD,COC,NO,ODI-12/2025 MKS-SBY,03/09/2025,C,8,4,1,20 DC,A
BAZE3028521,26/08/2025,FXD,COC,YES,TBE-20/2025 JKT-SBY,26/08/2025,B,12,1,2,20 DC,A
ZBWR3037996,30/08/2025,FTL,COC,NO,KAA-25/2025 SBY-GTO,--/--/---- [---],A,2,3,1,20 DC,A
VSTG3039325,26/08/2025,FXD,COC,YES,TBE-20/2025 JKT-SBY,26/08/2025,A,4,2,2,20 DC,A
YRWP3032859,02/09/2025,FXD,COC,NO,PST-23/2025 PAL-SBY,02/09/2025,B,14,1,3,20 DC,A
IFRL3040304,06/09/2025,FXD,COC,NO,OSI-11/2025 BIT-SBY,06/09/2025,B,5,6,3,20 DC,A
MNDV3043563,31/08/2025,FXD,COC,NO,TFL-22/2025 PAL-SBY,31/08/2025,A,3,1,2,20 DC,A
SXMG3045619,04/09/2025,FTL,COC,YES,FOR-23/2025 SBY-BRU,--/--/---- [---],B,15,2,1,20 DC,A
PAJA3047149,29/08/2025,FTL,COC,NO,HSJ-16/2025 SBY-BIA,--/--/---- [---],B,7,3,2,20 DC,A
AIOV3042071,04/09/2025,FTL,COC,YES,HJE-11/2025 SBY-BPN,--/--/---- [---],A,9,6,3,20 DC,A
SQUP3044347,25/08/2025,FTL,COC,NO,OJA-12/2025 SBY-KAI,--/--/---- [---],B,7,7,3,20 DC,A
UIAM3048569,05/09/2025,FXD,COC,YES,OEM-13/2025 JKT-SBY,05/09/2025,A,12,3,3,20 DC,A
GVDL3049852,06/09/2025,FXD,COC,NO,OSI-11/2025 BIT-SBY,06/09/2025,A,8,5,1,20 DC,A
FZCQ3049051,05/09/2025,FXD,COC,YES,OEM-13/2025 JKT-SBY,05/09/2025,C,4,6,4,20 DC,A
BEMR3052275,24/08/2025,FXD,COC,NO,ORU-11/2025 JKT-SBY,24/08/2025,B,6,4,1,20 DC,A
AZNC3053880,01/09/2025,FXD,COC,NO,OGO-13/2025 JKT-SBY,01/09/2025,A,5,4,1,20 DC,A
WDUF3059794,06/09/2025,FXD,COC,NO,OSI-11/2025 BIT-SBY,06/09/2025,A,11,2,3,20 DC,A
YRTA3052415,04/09/2025,FXD,COC,YES,AKA-15/2025 TGK-SBY,04/09/2025,A,2,2,2,20 DC,A
UQGC3054373,29/08/2025,FTL,COC,NO,OJA-12/2025 SBY-SRG,--/--/---- [---],B,4,6,3,20 DC,A
JPBK3051603,30/08/2025,FTL,COC,YES,KAA-25/2025 SBY-GTO,--/--/---- [---],A,10,7,2,20 DC,A
MCQG3057361,24/08/2025,FXD,COC,NO,ORU-11/2025 JKT-SBY,24/08/2025,C,5,4,2,20 DC,A
VNEW3056061,06/09/2025,FXD,COC,NO,OSI-11/2025 BIT-SBY,06/09/2025,A,8,5,2,20 DC,A
HOPL3051452,29/08/2025,FTL,COC,NO,HJE-11/2025 SBY-BPN,--/--/---- [---],B,3,3,4,20 DC,A
FGUT3051771,29/08/2025,MTD,COC,NO,LUZ-11/2025 NBR-SBY,28/08/2025 [MTA],B,13,2,1,20 DC,A
ISQT3052576,05/09/2025,FTL,COC,NO,FOR-23/2025 SBY-BRU,--/--/---- [---],B,5,4,3,20 DC,A
VKJX3050410,01/09/2025,FXD,COC,NO,OGO-13/2025 JKT-SBY,01/09/2025,A,5,4,2,20 DC,A
LICD3055157,02/09/2025,FXD,COC,NO,OGO-13/2025 JKT-SBY,02/09/2025,A,3,6,2,20 DC,A
VTWU3053703,02/09/2025,FXD,COC,NO,OGO-13/2025 JKT-SBY,02/09/2025,C,11,6,3,20 DC,A
ZZUF3053837,02/09/2025,FXD,COC,NO,OGO-13/2025 JKT-SBY,02/09/2025,B,5,2,2,20 DC,A
RWAJ3057172,02/09/2025,FXD,COC,NO,OGO-13/2025 JKT-SBY,02/09/2025,A,8,3,3,20 DC,A
POPP3056283,24/08/2025,FXD,COC,NO,ORU-11/2025 JKT-SBY,24/08/2025,B,7,1,2,20 DC,A
IBLM3051408,30/08/2025,FXD,COC,YES,APE-14/2025 JKT-SBY,30/08/2025,B,4,5,3,20 DC,A
QKAV3067975,30/08/2025,FTL,COC,YES,HSJ-16/2025 SBY-BIA,--/--/---- [---],B,13,6,3,20 DC,A
KKOW3064373,29/08/2025,FTL,COC,NO,HSJ-16/2025 SBY-BIA,--/--/---- [---],B,3,3,1,20 DC,A
OZLG3064851,02/06/2025,FXD,COC,YES,OGA-09/2025 JKT-SBY,02/06/2025,B,12,3,1,20 DC,A
EHYL3062527,04/09/2025,FIT,COC,YES,FOR-23/2025 SBY-BRU,--/--/---- [---],B,5,1,2,20 DC,A
KVNF3061754,05/09/2025,FTL,COC,NO,FOR-23/2025 SBY-BRU,--/--/---- [---],B,7,2,4,20 DC,A
XOSI3063148,06/09/2025,FXD,COC,NO,OSI-11/2025 BIT-SBY,06/09/2025,A,7,2,3,20 DC,A
FVHY3066056,01/09/2025,FXD,COC,NO,OGO-13/2025 JKT-SBY,01/09/2025,C,15,4,1,20 DC,A
PVIM3064444,02/09/2025,FXD,COC,NO,OGO-13/2025 JKT-SBY,02/09/2025,A,9,3,4,20 DC,A
CPTE3065116,06/09/2025,FXD,COC,NO,OSI-11/2025 BIT-SBY,06/09/2025,C,6,6,1,20 DC,A
ZTJI3072618,06/09/2025,FXD,COC,NO,OSI-11/2025 BIT-SBY,06/09/2025,B,5,6,2,20 DC,A
ERFX3072424,26/08/2025,FXD,COC,YES,TBE-20/2025 JKT-SBY,26/08/2025,A,4,7,3,20 DC,A
TRWK3072779,18/08/2025,FXD,COC,YES,ODI-12/2025 JKT-SBY,18/08/2025,A,6,5,3,20 DC,A
BQOL3072789,02/09/2025,FXD,COC,NO,OGO-13/2025 JKT-SBY,02/09/2025,C,6,4,1,20 DC,A
UQVS3071960,02/09/2025,FXD,COC,NO,PST-23/2025 PAL-SBY,02/09/2025,A,6,7,4,20 DC,A
NURQ3078085,01/09/2025,FXD,COC,NO,OGO-13/2025 JKT-SBY,01/09/2025,C,15,4,2,20 DC,A
AODZ3071723,05/09/2025,FXD,COC,YES,OEM-13/2025 JKT-SBY,05/09/2025,B,7,6,4,20 DC,A
FNTS3075953,06/09/2025,FXD,COC,NO,OSI-11/2025 BIT-SBY,06/09/2025,A,8,4,1,20 DC,A
BLQZ3075472,24/08/2025,FXD,COC,NO,ORU-11/2025 JKT-SBY,24/08/2025,B,13,2,3,20 DC,A
CIYD3079785,06/09/2025,FXD,COC,NO,OSI-11/2025 BIT-SBY,06/09/2025,B,6,1,1,20 DC,A
HQQL3075179,01/09/2025,FXD,COC,NO,OGO-13/2025 JKT-SBY,01/09/2025,A,6,6,4,20 DC,A
KLDK3086850,02/09/2025,FXD,COC,NO,OGO-13/2025 JKT-SBY,02/09/2025,C,6,3,1,20 DC,A
AADX3085203,02/09/2025,FXD,COC,NO,OGO-13/2025 JKT-SBY,02/09/2025,A,8,2,2,20 DC,A
PSDG3084694,01/09/2025,FXD,COC,NO,OGO-13/2025 JKT-SBY,01/09/2025,A,7,4,2,20 DC,A
ZSCM3089950,02/09/2025,FXD,COC,NO,OGO-13/2025 JKT-SBY,02/09/2025,B,7,7,4,20 DC,A
LOJJ3080733,01/09/2025,FXD,COC,NO,OGO-13/2025 JKT-SBY,01/09/2025,B,8,6,2,20 DC,A
CVYD3082195,02/09/2025,FXD,COC,NO,OGO-13/2025 JKT-SBY,02/09/2025,B,5,3,3,20 DC,A
WEEE3081504,05/09/2025,FXD,COC,YES,OEM-13/2025 JKT-SBY,05/09/2025,B,7,6,1,20 DC,A
EVPN3086352,06/09/2025,FXD,COC,NO,OSI-11/2025 BIT-SBY,06/09/2025,A,8,5,4,20 DC,A
IWES3081094,02/09/2025,FXD,COC,NO,OGO-13/2025 JKT-SBY,02/09/2025,B,10,3,2,20 DC,A
ZUNG3085642,02/09/2025,FXD,COC,NO,OGO-13/2025 JKT-SBY,02/09/2025,A,10,1,1,20 DC,A
RXHB3085676,01/09/2025,FXD,COC,NO,OGO-13/2025 JKT-SBY,01/09/2025,C,7,3,1,20 DC,A
LPBR3084422,02/09/2025,FXD,COC,NO,OGO-13/2025 JKT-SBY,02/09/2025,B,7,3,4,20 DC,A
ALJD3080156,02/09/2025,FXD,COC,NO,OGO-13/2025 JKT-SBY,02/09/2025,A,6,4,3,20 DC,A
NPQD3088091,06/09/2025,FXD,COC,NO,OSI-11/2025 BIT-SBY,06/09/2025,C,11,5,3,20 DC,A
MRCD3098133,29/08/2025,FTL,COC,NO,KAA-25/2025 SBY-GTO,--/--/---- [---],A,2,6,3,20 DC,A
LRII3095424,31/08/2025,FXD,COC,NO,TFL-22/2025 PAL-SBY,31/08/2025,A,5,7,2,20 DC,A
CJRQ3095956,26/08/2025,FXD,COC,YES,TBE-20/2025 JKT-SBY,26/08/2025,B,9,4,3,20 DC,A
PFCL3091623,02/09/2025,FXD,COC,NO,PST-23/2025 PAL-SBY,02/09/2025,C,10,4,1,20 DC,A
LRPN3090312,26/08/2025,FXD,COC,YES,TBE-20/2025 JKT-SBY,26/08/2025,C,7,5,2,20 DC,A
PBTP3095607,06/09/2025,FXD,COC,NO,OSI-11/2025 BIT-SBY,06/09/2025,B,6,1,2,20 DC,A
ZBUL3090872,30/08/2025,FXD,COC,YES,APE-14/2025 JKT-SBY,30/08/2025,B,4,3,3,20 DC,A
QZCZ3104775,24/08/2025,FXD,COC,NO,ORU-11/2025 JKT-SBY,24/08/2025,A,6,4,2,20 DC,A
BEFT3106729,29/08/2025,FTL,COC,NO,OJA-12/2025 SBY-SRG,--/--/---- [---],B,4,6,1,20 DC,A
AGVY3108800,02/09/2025,FXD,COC,NO,OGO-13/2025 JKT-SBY,02/09/2025,A,10,7,5,20 DC,A
EIPH3102665,02/06/2025,FXD,COC,YES,OGA-09/2025 JKT-SBY,02/06/2025,C,15,7,1,20 DC,A
UTEG3104041,02/06/2025,FXD,COC,YES,OGA-09/2025 JKT-SBY,02/06/2025,C,9,6,1,20 DC,A
KINY3108020,06/09/2025,FXD,COC,NO,OSI-11/2025 BIT-SBY,06/09/2025,B,6,5,4,20 DC,A
YRBI3106837,06/09/2025,FXD,COC,NO,OSI-11/2025 BIT-SBY,06/09/2025,B,6,1,3,20 DC,A
HJAB3103536,29/08/2025,FTL,COC,YES,HSJ-16/2025 SBY-NBR,--/--/---- [---],A,2,5,1,20 DC,A
IRNR3103909,06/09/2025,FXD,COC,NO,OSI-11/2025 BIT-SBY,06/09/2025,B,6,2,3,20 DC,A
PTET3100655,01/09/2025,FXD,COC,NO,OGO-13/2025 JKT-SBY,01/09/2025,B,13,4,1,20 DC,A
PTSZ3102218,01/09/2025,FXD,COC,NO,OGO-13/2025 JKT-SBY,01/09/2025,C,15,3,1,20 DC,A
ZKMD3103176,26/08/2025,FXD,COC,NO,OGA-13/2025 MKS-SBY,26/08/2025,B,5,4,1,20 DC,A
PNKV3103301,01/09/2025,FXD,COC,NO,OGO-13/2025 JKT-SBY,01/09/2025,C,3,6,1,20 DC,A
BCSQ3115094,02/09/2025,FXD,COC,NO,OGO-13/2025 JKT-SBY,02/09/2025,C,11,2,2,20 DC,A
JGDL3112952,04/09/2025,FTL,COC,YES,HJE-11/2025 SBY-BPN,--/--/---- [---],A,9,6,2,20 DC,A
DWFT3117563,26/08/2025,FXD,COC,YES,TBE-20/2025 JKT-SBY,26/08/2025,B,9,7,1,20 DC,A
YVWU3118429,02/09/2025,FXD,COC,NO,OGO-13/2025 JKT-SBY,02/09/2025,C,11,3,1,20 DC,A
NKKT3117511,02/06/2025,FXD,COC,YES,OGA-09/2025 JKT-SBY,02/06/2025,B,3,6,2,20 DC,A
USFR3110865,02/09/2025,FXD,COC,NO,PST-23/2025 PAL-SBY,02/09/2025,B,14,1,2,20 DC,A
QANK3118439,26/08/2025,FXD,COC,NO,OGA-13/2025 MKS-SBY,26/08/2025,B,5,5,2,20 DC,A
UAAE3113502,02/09/2025,FXD,COC,NO,OGO-13/2025 JKT-SBY,02/09/2025,A,3,2,4,20 DC,A
EMZK3111499,30/08/2025,FTL,COC,NO,HJE-11/2025 SBY-BPN,--/--/---- [---],B,4,4,3,20 DC,A
BUUO3116914,06/09/2025,FXD,COC,NO,OSI-11/2025 BIT-SBY,06/09/2025,A,8,5,3,20 DC,A
XKMS3118131,01/09/2025,FXD,COC,NO,OGO-13/2025 JKT-SBY,01/09/2025,B,13,4,2,20 DC,A
DPXT3118109,26/08/2025,FXD,COC,NO,OGA-13/2025 MKS-SBY,26/08/2025,C,15,1,1,20 DC,A
RMTH3115566,02/09/2025,FXD,COC,NO,OGO-13/2025 JKT-SBY,02/09/2025,A,5,6,4,20 DC,A
XXRC3116067,05/09/2025,FXD,COC,NO,OEM-13/2025 JKT-SBY,05/09/2025,C,4,6,1,20 DC,A
UKXT3110243,06/09/2025,FXD,COC,NO,OSI-11/2025 BIT-SBY,06/09/2025,C,6,6,2,20 DC,A
YVIC3128788,05/09/2025,FTL,COC,NO,FOR-23/2025 SBY-BRU,--/--/---- [---],B,10,4,3,20 DC,A
ALIU3124071,03/09/2025,FXD,COC,NO,ODI-12/2025 MKS-SBY,03/09/2025,A,11,3,3,20 DC,A
KQLI3127946,06/09/2025,FXD,COC,NO,OSI-11/2025 BIT-SBY,06/09/2025,C,11,5,1,20 DC,A
REKY3124154,26/08/2025,FXD,COC,YES,TBE-20/2025 JKT-SBY,26/08/2025,B,9,7,2,20 DC,A
QIGT3124657,03/09/2025,FXD,COC,NO,ODI-12/2025 SRG-SBY,03/09/2025,B,9,2,3,20 DC,A
IOXR3127501,24/08/2025,FXD,COC,NO,ORU-11/2025 JKT-SBY,24/08/2025,B,6,4,2,20 DC,A
MEKW3127688,31/08/2025,FXD,COC,NO,TFL-22/2025 PAL-SBY,31/08/2025,C,12,6,1,20 DC,A
SAZW3121476,29/08/2025,FTL,COC,YES,HSJ-16/2025 SBY-NBR,--/--/---- [---],A,2,5,2,20 DC,A
OWSZ3128419,05/09/2025,FTL,COC,YES,FOR-23/2025 SBY-BRU,--/--/---- [---],B,10,4,2,20 DC,A
RMFK3122830,04/09/2025,FTL,COC,YES,FOR-23/2025 SBY-BRU,--/--/---- [---],B,15,2,3,20 DC,A
YQVC3127467,05/09/2025,FXD,COC,YES,OEM-13/2025 JKT-SBY,05/09/2025,A,4,3,3,20 DC,A
VBNO3127771,02/09/2025,FXD,COC,NO,OGO-13/2025 JKT-SBY,02/09/2025,A,10,6,1,20 DC,A
JJEJ3126295,24/08/2025,FXD,COC,NO,ORU-11/2025 JKT-SBY,24/08/2025,C,14,5,1,20 DC,A
ASTX3126115,06/09/2025,FXD,COC,NO,OSI-11/2025 BIT-SBY,06/09/2025,B,6,2,4,20 DC,A
FFDS3139002,06/09/2025,FXD,COC,NO,OSI-11/2025 BIT-SBY,06/09/2025,A,6,6,2,20 DC,A
VQAV3135216,30/08/2025,FXD,COC,YES,APE-14/2025 JKT-SBY,30/08/2025,C,12,3,1,20 DC,A
FNPF3134948,30/08/2025,FTL,COC,NO,HJE-11/2025 SBY-BPN,--/--/---- [---],B,4,4,2,20 DC,A
UDTQ3138401,09/08/2025,FXD,COC,NO,VEI-10/2025 JKT-SBY,09/08/2025,B,11,7,2,20 DC,A
OVPO3135677,06/09/2025,FXD,COC,NO,OSI-11/2025 BIT-SBY,06/09/2025,B,5,6,1,20 DC,A
PLIA3136015,02/09/2025,FXD,COC,NO,OGO-13/2025 JKT-SBY,02/09/2025,A,10,3,4,20 DC,A
GUOV3134925,27/08/2025,FXD,COC,NO,OGA-13/2025 MKS-SBY,27/08/2025,B,8,1,1,20 DC,A
FVLR3139036,06/09/2025,FXD,COC,NO,OSI-11/2025 BIT-SBY,06/09/2025,A,7,2,1,20 DC,A
JTBI3132173,02/09/2025,FXD,COC,NO,OGO-13/2025 JKT-SBY,02/09/2025,C,11,2,1,20 DC,A
CYXQ3138545,02/09/2025,FXD,COC,NO,OGO-13/2025 JKT-SBY,02/09/2025,A,4,3,2,20 DC,A
KGGP3136397,26/08/2025,FXD,COC,YES,TBE-20/2025 JKT-SBY,26/08/2025,B,9,7,3,20 DC,A
LEMJ3140683,24/08/2025,FXD,COC,NO,ORU-11/2025 JKT-SBY,24/08/2025,C,5,4,1,20 DC,A
TJTE3148056,05/09/2025,FTL,COC,YES,FOR-23/2025 SBY-BRU,--/--/---- [---],B,10,4,1,20 DC,A
RJUV3142412,02/09/2025,FXD,COC,NO,OGO-13/2025 JKT-SBY,02/09/2025,C,11,3,2,20 DC,A
GLMM3146341,05/09/2025,FXD,COC,YES,OEM-13/2025 JKT-SBY,05/09/2025,C,4,6,3,20 DC,A
IBTJ3149028,29/08/2025,FXD,COC,NO,HJE-09/2025 BIT-SBY,29/08/2025,B,8,1,2,20 DC,A
TTVX3143425,02/06/2025,FXD,COC,YES,OGA-09/2025 JKT-SBY,02/06/2025,A,12,6,3,20 DC,A
TEZO3147376,03/09/2025,FXD,COC,NO,ODI-12/2025 MKS-SBY,03/09/2025,B,6,7,2,20 DC,A
GFVV3144805,03/09/2025,FXD,COC,NO,ODI-12/2025 MKS-SBY,03/09/2025,B,6,4,3,20 DC,A
DCOS3143639,01/09/2025,FXD,COC,NO,OGO-13/2025 JKT-SBY,01/09/2025,B,13,5,3,20 DC,A
ACAZ3157712,18/08/2025,FXD,COC,YES,ODI-12/2025 JKT-SBY,18/08/2025,B,12,1,1,20 DC,A
ODEC3159247,24/08/2025,FXD,COC,NO,ORU-11/2025 JKT-SBY,24/08/2025,C,4,4,1,20 DC,A
SNKG3150281,05/09/2025,FXD,COC,YES,OEM-13/2025 JKT-SBY,05/09/2025,B,4,1,3,20 DC,A
RNLB3150686,26/08/2025,FXD,COC,YES,TBE-20/2025 JKT-SBY,26/08/2025,A,7,4,1,20 DC,A
HMZH3155674,30/08/2025,FTL,COC,YES,KAA-25/2025 SBY-GTO,--/--/---- [---],A,10,7,4,20 DC,A
RXMB3157525,30/08/2025,FTL,COC,NO,HJE-11/2025 SBY-BPN,--/--/---- [---],B,4,5,1,20 DC,A
PLXK3157258,26/08/2025,FXD,COC,YES,TBE-20/2025 JKT-SBY,26/08/2025,B,9,2,2,20 DC,A
KECU3155379,03/09/2025,FXD,COC,NO,ODI-12/2025 MKS-SBY,03/09/2025,B,7,5,2,20 DC,A
VKZJ3152005,02/09/2025,FXD,COC,NO,PST-23/2025 PAL-SBY,02/09/2025,B,12,5,1,20 DC,A
QJWF3159958,30/08/2025,FTL,COC,YES,KAA-25/2025 SBY-GTO,--/--/---- [---],A,2,3,4,20 DC,A
MQDQ3163248,18/08/2025,FXD,COC,YES,ODI-12/2025 JKT-SBY,18/08/2025,A,10,6,3,20 DC,A
DCCC3162057,06/09/2025,FXD,COC,NO,OSI-11/2025 BIT-SBY,06/09/2025,B,5,6,4,20 DC,A
SWFI3169166,03/09/2025,FXD,COC,NO,ODI-12/2025 MKS-SBY,03/09/2025,B,13,1,2,20 DC,A
DVOK3164831,05/09/2025,FXD,COC,YES,OEM-13/2025 JKT-SBY,05/09/2025,B,4,1,2,20 DC,A
SOIR3168601,02/09/2025,FXD,COC,NO,PST-23/2025 PAL-SBY,02/09/2025,A,9,5,3,20 DC,A
TXYB3167658,24/08/2025,FXD,COC,NO,ORU-11/2025 JKT-SBY,24/08/2025,B,13,1,1,20 DC,A
YSNR3167827,02/09/2025,FXD,COC,NO,OGO-13/2025 JKT-SBY,02/09/2025,A,5,6,3,20 DC,A
ZNAR3161869,02/09/2025,FXD,COC,NO,OGO-13/2025 JKT-SBY,02/09/2025,C,6,3,3,20 DC,A
UUAN3164885,02/09/2025,FXD,COC,NO,OGO-13/2025 JKT-SBY,02/09/2025,B,10,5,2,20 DC,A
BFFN3165167,04/09/2025,FTL,COC,YES,FOR-23/2025 SBY-BRU,--/--/---- [---],B,3,1,4,20 DC,A
ZAUQ3164993,02/09/2025,FXD,COC,NO,PST-23/2025 PAL-SBY,02/09/2025,B,14,1,1,20 DC,A
OFIF3164610,01/09/2025,FXD,COC,NO,OGO-13/2025 JKT-SBY,01/09/2025,B,8,4,1,20 DC,A
JPNX3174320,24/08/2025,FXD,COC,NO,ORU-11/2025 JKT-SBY,24/08/2025,C,4,5,1,20 DC,A
XVFA3171518,29/08/2025,MTD,COC,NO,LUZ-11/2025 NBR-SBY,27/08/2025 [MTA],B,9,2,1,20 DC,A
ZLNR3176623,02/09/2025,FXD,COC,NO,OGO-13/2025 JKT-SBY,02/09/2025,A,6,4,4,20 DC,A
HTTJ3171665,01/09/2025,FXD,COC,NO,OGO-13/2025 JKT-SBY,01/09/2025,A,6,2,1,20 DC,A
ZZCW3173744,06/09/2025,FXD,COC,NO,OSI-11/2025 BIT-SBY,06/09/2025,B,15,5,3,20 DC,A
CXRR3171169,01/09/2025,FXD,COC,NO,OGO-13/2025 JKT-SBY,01/09/2025,B,8,7,1,20 DC,A
SPFO3177001,31/08/2025,FTL,COC,NO,HJE-11/2025 SBY-BPN,--/--/---- [---],A,9,6,1,20 DC,A
QJBY3179013,26/08/2025,FXD,COC,YES,TBE-20/2025 JKT-SBY,26/08/2025,A,4,3,1,20 DC,A
MUPC3176544,24/08/2025,FXD,COC,NO,ORU-11/2025 JKT-SBY,24/08/2025,B,10,6,1,20 DC,A
RWAA3178527,24/08/2025,FXD,COC,NO,ORU-11/2025 JKT-SBY,24/08/2025,C,4,5,3,20 DC,A
IJUO3174538,03/09/2025,FXD,COC,NO,ODI-12/2025 MKS-SBY,03/09/2025,B,8,3,4,20 DC,A
FAYQ3171560,30/08/2025,FTL,COC,NO,HJE-11/2025 SBY-BPN,--/--/---- [---],B,4,5,2,20 DC,A
ZMEJ3179302,01/09/2025,FXD,COC,NO,OGO-13/2025 JKT-SBY,01/09/2025,A,4,7,1,20 DC,A
ABNI3179063,01/09/2025,FXD,COC,NO,OGO-13/2025 JKT-SBY,01/09/2025,A,4,7,2,20 DC,A
IDOG3171827,29/08/2025,FTL,COC,NO,OJA-12/2025 SBY-AMB,--/--/---- [---],A,2,4,1,20 DC,A
NMAO3186709,03/09/2025,FXD,COC,NO,ODI-12/2025 MKS-SBY,03/09/2025,B,13,5,2,20 DC,A
WCTE3182063,01/09/2025,FXD,COC,NO,OGO-13/2025 JKT-SBY,01/09/2025,A,4,2,1,20 DC,A
AZZU3185677,06/09/2025,FXD,COC,NO,OSI-11/2025 BIT-SBY,06/09/2025,A,7,2,2,20 DC,A
MWFG3183318,03/09/2025,FXD,COC,NO,ODI-12/2025 MKS-SBY,03/09/2025,A,12,6,4,20 DC,A
LSPV3184986,24/08/2025,FXD,COC,NO,ORU-11/2025 JKT-SBY,24/08/2025,A,6,4,1,20 DC,A
RYRE3184737,06/09/2025,FXD,COC,NO,OSI-11/2025 BIT-SBY,06/09/2025,A,11,2,1,20 DC,A
OCHC3183284,01/09/2025,FXD,COC,NO,OGO-13/2025 JKT-SBY,01/09/2025,C,7,3,2,20 DC,A
QBBR3183301,03/09/2025,FXD,COC,NO,ODI-12/2025 MKS-SBY,03/09/2025,B,6,7,1,20 DC,A
MDGA3184124,31/08/2025,FXD,COC,NO,TFL-22/2025 PAL-SBY,31/08/2025,A,1,5,1,20 DC,A
TWXA3183672,26/08/2025,FXD,COC,NO,OGA-13/2025 MKS-SBY,26/08/2025,B,5,4,2,20 DC,A
ZSNP3182242,31/08/2025,FXD,COC,NO,TFL-22/2025 PAL-SBY,31/08/2025,A,11,5,2,20 DC,A
PJPM3181545,02/09/2025,FXD,COC,NO,OGO-13/2025 JKT-SBY,02/09/2025,A,11,6,1,20 DC,A
PUFR3183973,03/09/2025,FXD,COC,NO,ODI-12/2025 MKS-SBY,03/09/2025,B,7,5,1,20 DC,A
QSIY3181543,02/09/2025,FXD,COC,NO,OGO-13/2025 JKT-SBY,02/09/2025,A,5,7,3,20 DC,A
LEAW3186294,06/09/2025,FXD,COC,NO,OSI-11/2025 BIT-SBY,06/09/2025,B,6,2,2,20 DC,A
XIAG3184876,03/09/2025,FXD,COC,NO,ODI-12/2025 MKS-SBY,03/09/2025,C,8,5,1,20 DC,A
ETHT3183428,06/09/2025,FXD,COC,NO,OSI-11/2025 BIT-SBY,06/09/2025,C,10,2,1,20 DC,A
LDBA3185307,26/08/2025,FXD,COC,YES,TBE-20/2025 JKT-SBY,26/08/2025,C,13,2,1,20 DC,A
TZJF3193220,05/09/2025,FXD,COC,YES,OEM-13/2025 JKT-SBY,05/09/2025,C,5,7,2,20 DC,A
PLVC3197557,01/09/2025,FXD,COC,NO,OGO-13/2025 JKT-SBY,01/09/2025,B,8,6,1,20 DC,A
CDIG3199187,02/09/2025,FXD,COC,NO,OGO-13/2025 JKT-SBY,02/09/2025,C,6,3,2,20 DC,A
DNQO3195623,02/06/2025,FXD,COC,YES,OGA-09/2025 JKT-SBY,02/06/2025,A,11,5,3,20 DC,A
ROSB3195006,02/09/2025,FXD,COC,NO,OGO-13/2025 JKT-SBY,02/09/2025,C,6,2,1,20 DC,A
AJKO3198457,03/09/2025,FXD,COC,NO,ODI-12/2025 MKS-SBY,03/09/2025,A,10,4,4,20 DC,A
UHSU3198734,03/09/2025,FXD,COC,NO,ODI-12/2025 MKS-SBY,03/09/2025,C,8,4,2,20 DC,A
CCXO3196880,24/08/2025,FXD,COC,NO,ORU-11/2025 JKT-SBY,24/08/2025,A,7,5,2,20 DC,A
JFLB3191348,27/08/2025,FXD,COC,NO,OGA-13/2025 MKS-SBY,27/08/2025,C,3,7,2,20 DC,A
PXXT3195401,24/08/2025,FXD,COC,NO,ORU-11/2025 JKT-SBY,24/08/2025,C,14,4,2,20 DC,A
ECNT3193823,02/09/2025,FXD,COC,NO,OGO-13/2025 JKT-SBY,02/09/2025,A,11,5,4,20 DC,A
PPOB3190672,03/09/2025,FXD,COC,NO,ODI-12/2025 MKS-SBY,03/09/2025,A,10,4,3,20 DC,A
EAJW3195585,30/08/2025,FTL,COC,YES,KAA-25/2025 SBY-GTO,--/--/---- [---],A,10,7,3,20 DC,A
SRYY3195362,01/09/2025,FXD,COC,NO,OGO-13/2025 JKT-SBY,01/09/2025,C,15,2,1,20 DC,A
AQYQ3195039,03/09/2025,FXD,COC,NO,ODI-12/2025 MKS-SBY,03/09/2025,B,6,7,4,20 DC,A
NDPD3194544,30/08/2025,FTL,COC,NO,HJE-12/2025 SBY-SRI,--/--/---- [---],B,14,2,1,20 DC,A
QGIS4602376,04/09/2025,FXD,COC,NO,HAY-09/2025 MKE-SBY,04/09/2025,B,1,2,2,40 HC,C
BXVW4600772,05/09/2025,FXD,COC,NO,OSI-11/2025 BIT-SBY,05/09/2025,B,1,6,1,40 HC,C
GYXT4609606,06/09/2025,FXD,COC,NO,OSI-11/2025 BIT-SBY,06/09/2025,C,16,7,3,40 HC,C
SQBZ4607042,05/09/2025,FXD,COC,NO,OSI-11/2025 BIT-SBY,05/09/2025,B,1,6,4,40 HC,C
ORPF4604103,03/09/2025,FXD,COC,NO,HAY-09/2025 MKE-SBY,03/09/2025,B,1,2,1,40 HC,C
WNIA4602813,05/09/2025,FXD,COC,NO,OSI-11/2025 BIT-SBY,05/09/2025,B,1,6,2,40 HC,C
GZVL4619380,03/09/2025,FXD,COC,NO,HAY-09/2025 MKE-SBY,03/09/2025,B,18,5,1,40 HC,A
YFNR4610306,03/09/2025,FXD,COC,YES,ODI-12/2025 KDR-SBY,03/09/2025,C,16,4,4,40 HC,C
FHCF4614788,05/09/2025,FXD,COC,NO,OSI-11/2025 TTE-SBY,05/09/2025,B,1,6,3,40 HC,C
FJGM4615958,06/09/2025,FXD,COC,NO,OSI-11/2025 BIT-SBY,06/09/2025,C,16,7,4,40 HC,C
WXVM4611035,03/09/2025,FXD,COC,NO,ODI-12/2025 MKS-SBY,03/09/2025,B,16,2,3,40 HC,A
EPLP4626063,03/09/2025,MTA,COC,NO,HAY-09/2025 TIM-SBY,03/09/2025 [MTA],B,16,4,2,40 HC,A
WQYU4625684,06/09/2025,FXD,COC,NO,OSI-11/2025 BIT-SBY,06/09/2025,C,18,3,4,40 HC,A
REUN4628831,31/08/2025,FTL,COC,NO,KAA-25/2025 SBY-GTO,--/--/---- [---],A,13,4,3,40 HC,A
GLPP4621852,04/09/2025,MTA,COC,NO,BAU-18/2025 BMS-SBY,04/09/2025 [MTA],C,16,6,2,40 HC,A
JUTZ4623073,05/09/2025,FXD,COC,NO,OSI-11/2025 BIT-SBY,05/09/2025,C,1,4,3,40 HC,B
KPXR4622545,03/09/2025,MTA,COC,NO,HAY-09/2025 TIM-SBY,03/09/2025 [MTA],B,16,5,3,40 HC,B
AQJX4627042,31/08/2025,FXD,COC,YES,TFL-22/2025 PAL-SBY,31/08/2025,B,1,3,2,40 HC,A
RQUR4621630,04/09/2025,MTA,COC,NO,BAU-18/2025 BMS-SBY,04/09/2025 [MTA],A,13,7,5,40 HC,B
PMSH4626309,04/09/2025,MTA,COC,NO,BAU-18/2025 BMS-SBY,04/09/2025 [MTA],C,16,6,1,40 HC,A
NNTJ4629795,03/09/2025,MTA,COC,NO,HAY-09/2025 MKE-SBY,03/09/2025 [MTA],C,1,5,1,40 HC,A
KZRV4623810,03/09/2025,MTA,COC,NO,HAY-09/2025 MKE-SBY,03/09/2025 [MTA],C,1,3,2,40 HC,B
EBXL4623437,03/09/2025,MTA,COC,NO,HAY-09/2025 MKE-SBY,03/09/2025 [MTA],C,1,5,2,40 HC,A
TQFP4628138,05/09/2025,FXD,COC,NO,OSI-11/2025 BIT-SBY,05/09/2025,C,1,4,4,40 HC,B
RBIV4629550,04/09/2025,MTA,COC,NO,BAU-18/2025 BMS-SBY,04/09/2025 [MTA],A,13,7,2,40 HC,B
TJKB4627731,03/09/2025,MTA,COC,NO,HAY-09/2025 TIM-SBY,03/09/2025 [MTA],C,1,3,4,40 HC,B
PHOL4620491,05/09/2025,FXD,COC,NO,OSI-11/2025 BIT-SBY,05/09/2025,C,1,3,5,40 HC,B
AUMX4625798,04/09/2025,MTA,COC,NO,BAU-18/2025 BMS-SBY,04/09/2025 [MTA],A,13,7,3,40 HC,B
TVZO4623601,05/09/2025,MTA,COC,NO,ASR-12/2025 SDA-SBY,05/09/2025 [MTA],B,18,6,1,40 HC,A
RBIW4629169,03/09/2025,MTA,COC,NO,HAY-09/2025 TIM-SBY,03/09/2025 [MTA],B,16,4,1,40 HC,B
ADNS4625427,04/09/2025,MTA,COC,NO,BAU-18/2025 BMS-SBY,04/09/2025 [MTA],C,18,6,2,40 HC,B
CWWJ4624346,05/09/2025,MTA,COC,NO,ASR-12/2025 BPN-SBY,05/09/2025 [MTA],C,16,3,2,40 HC,B
USHM4621259,03/09/2025,FXD,COC,NO,ODI-12/2025 SRG-SBY,03/09/2025,B,16,6,1,40 HC,B
DOAU4621739,05/09/2025,MTA,COC,NO,ASR-12/2025 SDA-SBY,05/09/2025 [MTA],A,13,1,1,40 HC,B
VZKS4621545,05/09/2025,MTA,COC,NO,ASR-12/2025 BPN-SBY,05/09/2025 [MTA],B,18,6,4,40 HC,A
JACL4626752,03/09/2025,MTA,COC,NO,HAY-09/2025 TIM-SBY,03/09/2025 [MTA],C,1,6,1,40 HC,B
BFCB4621302,05/09/2025,FXD,COC,NO,OSI-11/2025 BIT-SBY,05/09/2025,B,16,7,1,40 HC,B
LUBD4625537,31/08/2025,FXD,COC,YES,TFL-22/2025 PAL-SBY,31/08/2025,B,16,6,2,40 HC,A
PQOA4620855,03/09/2025,MTA,COC,NO,HAY-09/2025 TIM-SBY,03/09/2025 [MTA],C,1,5,4,40 HC,A
ITVS4629874,04/09/2025,MTA,COC,NO,BAU-18/2025 BMS-SBY,04/09/2025 [MTA],A,13,7,4,40 HC,A
SPSB4633403,02/09/2025,MTA,COC,NO,REN-28/2025 SDA-SBY,02/09/2025 [MTA],A,13,3,2,40 HC,A
FPKP4639491,29/08/2025,MTD,COC,NO,KAA-23/2025 GTO-SBY,26/08/2025 [MTA],A,13,3,1,40 HC,A
CNUT4632448,06/09/2025,FXD,COC,NO,OSI-11/2025 BIT-SBY,06/09/2025,B,16,7,4,40 HC,A
PHPI4636364,02/09/2025,MTA,COC,NO,REN-28/2025 SDA-SBY,02/09/2025 [MTA],C,16,5,2,40 HC,A
ZJIO4637016,05/09/2025,MTA,COC,NO,ASR-12/2025 SDA-SBY,05/09/2025 [MTA],B,18,2,1,40 HC,A
ZBTY4633185,05/09/2025,MTA,COC,NO,ASR-12/2025 BPN-SBY,05/09/2025 [MTA],B,18,1,2,40 HC,A
FSOH4632026,05/09/2025,MTA,COC,NO,ASR-12/2025 BPN-SBY,05/09/2025 [MTA],C,16,3,4,40 HC,A
UGJK4639116,04/09/2025,MTA,COC,NO,BAU-18/2025 BMS-SBY,04/09/2025 [MTA],A,13,2,2,40 HC,A
ODSV4631294,03/09/2025,MTA,COC,NO,ODI-12/2025 MKS-JKT,03/09/2025 [MTA],C,16,5,3,40 HC,A
UTUZ4634650,06/09/2025,FXD,COC,NO,OSI-11/2025 BIT-SBY,06/09/2025,C,16,5,5,40 HC,A
KWWS4631948,05/09/2025,MTA,COC,NO,ASR-12/2025 BPN-SBY,05/09/2025 [MTA],A,13,1,3,40 HC,A
AAYW4633857,05/09/2025,MTA,COC,NO,ASR-12/2025 BPN-SBY,05/09/2025 [MTA],C,16,3,1,40 HC,A
JGQZ4630746,02/09/2025,MTA,COC,NO,ODI-12/2025 MKS-JKT,02/09/2025 [MTA],B,1,5,1,40 HC,A
MWCD4631717,31/08/2025,FXD,COC,YES,TFL-22/2025 PAL-SBY,31/08/2025,B,18,7,5,40 HC,A
KAYT4639345,04/09/2025,MTA,COC,NO,BAU-18/2025 BMS-SBY,04/09/2025 [MTA],A,13,7,1,40 HC,A
WPHS4630750,06/09/2025,FXD,COC,NO,OSI-11/2025 BIT-SBY,06/09/2025,C,16,7,5,40 HC,A
RLFR4633159,05/09/2025,FXD,COC,YES,ASR-12/2025 BPN-SBY,05/09/2025,C,18,2,2,40 HC,A
FYIC4630961,31/08/2025,FXD,COC,YES,TFL-22/2025 PAL-SBY,31/08/2025,C,18,5,3,40 HC,A
ADII4635943,05/09/2025,MTA,COC,NO,ASR-12/2025 SDA-SBY,05/09/2025 [MTA],B,18,6,5,40 HC,A
ULWI4637747,02/09/2025,FXD,COC,NO,PST-23/2025 PAL-SBY,02/09/2025,A,13,6,5,40 HC,A
QQCI4634720,03/09/2025,MTA,COC,NO,ODI-12/2025 MKS-JKT,03/09/2025 [MTA],B,18,4,2,40 HC,A
AGXP4637336,31/08/2025,MTA,COC,NO,TFL-22/2025 PAL-SBY,31/08/2025 [MTA],C,1,3,1,40 HC,A
MMAB4633959,05/09/2025,MTA,COC,NO,ASR-12/2025 SDA-SBY,05/09/2025 [MTA],B,16,4,6,40 HC,A
OTNJ4638251,31/08/2025,FXD,COC,YES,TFL-22/2025 PAL-SBY,31/08/2025,C,18,4,3,40 HC,A
MFBD4638511,05/09/2025,MTA,COC,NO,ASR-12/2025 BPN-SBY,05/09/2025 [MTA],B,18,6,2,40 HC,A
ZDDC4634568,06/09/2025,FXD,COC,YES,OSI-11/2025 BIT-SBY,06/09/2025,C,16,7,2,40 HC,A
HTKC4631056,31/08/2025,FXD,COC,YES,TFL-22/2025 PAL-SBY,31/08/2025,C,18,4,2,40 HC,A
PYQG4638586,03/09/2025,MTA,COC,NO,ODI-12/2025 MKS-JKT,03/09/2025 [MTA],B,16,2,1,40 HC,A
OKYV4634102,05/09/2025,FXD,COC,YES,OSI-11/2025 BIT-SBY,05/09/2025,C,1,4,2,40 HC,A
LROU4632548,31/08/2025,FXD,COC,YES,TFL-22/2025 PAL-SBY,31/08/2025,B,1,5,3,40 HC,A
PHAN4636475,03/09/2025,MTA,COC,NO,ODI-12/2025 MKS-JKT,03/09/2025 [MTA],C,16,5,4,40 HC,A
BGTN4636952,02/09/2025,MTA,COC,NO,REN-28/2025 SDA-SBY,02/09/2025 [MTA],C,16,5,1,40 HC,A
IKTK4635927,04/09/2025,MTA,COC,NO,BAU-18/2025 BMS-SBY,04/09/2025 [MTA],C,18,6,3,40 HC,A
JMVW4635136,03/09/2025,MTA,COC,NO,ODI-12/2025 MKS-JKT,03/09/2025 [MTA],B,18,4,4,40 HC,A
AXVL4648416,06/09/2025,FXD,COC,NO,OSI-11/2025 BIT-SBY,06/09/2025,B,16,5,5,40 HC,A
GNQC4640602,31/08/2025,FXD,COC,YES,TFL-22/2025 PAL-SBY,31/08/2025,A,13,4,1,40 HC,A
UBTJ4647467,06/09/2025,FXD,COC,NO,OSI-11/2025 BIT-SBY,06/09/2025,C,18,1,4,40 HC,A
JJGN4642193,05/09/2025,MTA,COC,NO,OSI-11/2025 BIT-JKT,05/09/2025 [MTA],C,1,4,1,40 HC,A
VQIM4648851,30/08/2025,FTL,COC,NO,HJE-11/2025 SBY-BPN,--/--/---- [---],B,16,6,3,40 HC,A
XYPB4640441,04/09/2025,FXD,COC,YES,AKA-15/2025 TGK-SBY,04/09/2025,B,1,4,3,40 HC,A
XUYQ4643018,03/09/2025,MTA,COC,NO,ODI-12/2025 MKS-JKT,03/09/2025 [MTA],B,18,4,3,40 HC,A
FEXA4642089,03/09/2025,MTA,COC,NO,HAY-09/2025 MKE-SBY,03/09/2025 [MTA],C,1,5,3,40 HC,A
DPPM4644350,03/09/2025,MTA,COC,NO,ODI-12/2025 MKS-JKT,03/09/2025 [MTA],C,16,2,4,40 HC,A
FUUR4643098,06/09/2025,FXD,COC,NO,OSI-11/2025 BIT-SBY,06/09/2025,B,1,2,4,40 HC,A
VODW4646006,03/09/2025,MTA,COC,NO,ODI-12/2025 SRG-JKT,03/09/2025 [MTA],C,16,4,3,40 HC,A
HESB4641396,04/09/2025,FXD,COC,YES,AKA-15/2025 TGK-SBY,04/09/2025,B,1,2,3,40 HC,A
HGEU4649476,02/09/2025,MTA,COC,NO,ODI-12/2025 MKS-JKT,02/09/2025 [MTA],C,16,7,1,40 HC,A
WNIT4645960,02/09/2025,MTA,COC,NO,ODI-12/2025 MKS-JKT,02/09/2025 [MTA],C,16,4,2,40 HC,A
MTIM4642123,18/08/2025,FXD,COC,YES,ASN-17/2025 PAL-SBY,18/08/2025,C,18,5,1,40 HC,A
TUZB4645588,31/08/2025,FXD,COC,YES,TFL-22/2025 PAL-SBY,31/08/2025,B,16,2,2,40 HC,A
UXXB4641511,06/09/2025,FXD,COC,NO,OSI-11/2025 BIT-SBY,06/09/2025,C,16,6,4,40 HC,A
HTQR4647877,30/08/2025,MTA,COC,NO,RAT-33/2025 SDA-SBY,30/08/2025 [MTA],B,16,1,1,40 HC,A
LTUE4649729,06/09/2025,FXD,COC,NO,OSI-11/2025 BIT-SBY,06/09/2025,C,18,4,4,40 HC,A
IIRC4643989,03/09/2025,MTA,COC,NO,HAY-09/2025 TIM-SBY,03/09/2025 [MTA],C,1,5,5,40 HC,A
CLQH4648825,06/09/2025,FXD,COC,NO,OSI-11/2025 TTE-SBY,06/09/2025,B,16,7,2,40 HC,A
GMJD4645253,18/08/2025,FXD,COC,YES,ASN-17/2025 PAL-SBY,18/08/2025,C,18,5,2,40 HC,A
FUMR4643495,06/09/2025,FXD,COC,NO,OSI-11/2025 BIT-SBY,06/09/2025,B,16,7,5,40 HC,A
BSIM4646105,18/08/2025,FXD,COC,YES,ASN-17/2025 PAL-SBY,18/08/2025,B,18,4,5,40 HC,A
RVRI4640587,31/08/2025,FXD,COC,YES,TFL-22/2025 PAL-SBY,31/08/2025,A,13,4,2,40 HC,A
XQTN4646546,04/09/2025,MTA,COC,NO,AKA-15/2025 GTO-SBY,04/09/2025 [MTA],C,18,6,1,40 HC,A
FEOK4640898,06/09/2025,FXD,COC,NO,OSI-11/2025 BIT-SBY,06/09/2025,C,16,6,5,40 HC,A
ICMY4643054,03/09/2025,FXD,COC,YES,MAN-35/2025 BMS-SBY,03/09/2025,C,1,6,5,40 HC,A
LBXO4648044,03/09/2025,MTA,COC,NO,HAY-09/2025 TIM-SBY,03/09/2025 [MTA],B,16,4,3,40 HC,A
XDHG4646777,31/08/2025,FXD,COC,YES,TFL-22/2025 PAL-SBY,31/08/2025,C,18,4,1,40 HC,A
OYDH4655596,18/08/2025,FXD,COC,YES,ASN-17/2025 PAL-SBY,18/08/2025,C,18,3,1,40 HC,A
IEAZ4651735,05/09/2025,MTA,COC,NO,OSI-11/2025 BIT-JKT,05/09/2025 [MTA],A,13,3,4,40 HC,A
UHBL4655083,04/09/2025,MTA,COC,NO,AKA-15/2025 GTO-SBY,04/09/2025 [MTA],A,13,2,1,40 HC,A
PJGQ4659699,06/09/2025,FXD,COC,NO,OSI-11/2025 BIT-SBY,06/09/2025,B,16,7,3,40 HC,A
BZRK4656184,03/09/2025,MTA,COC,NO,ODI-12/2025 MKS-JKT,03/09/2025 [MTA],C,1,2,2,40 HC,A
DOYM4656936,05/09/2025,MTA,COC,NO,ASR-12/2025 BPN-SBY,05/09/2025 [MTA],B,18,1,1,40 HC,A
YYQW4653857,03/09/2025,MTA,COC,NO,ODI-12/2025 MKS-JKT,03/09/2025 [MTA],C,1,2,1,40 HC,A
QWLH4656355,29/08/2025,MTA,COC,NO,HAN-08/2025 MKE-SBY,29/08/2025 [MTA],B,16,3,1,40 HC,A
CVGM4651865,06/09/2025,FXD,COC,NO,OSI-11/2025 BIT-SBY,06/09/2025,B,1,5,5,40 HC,A
QFGB4650079,03/09/2025,MTA,COC,NO,ODI-12/2025 MKS-JKT,03/09/2025 [MTA],A,13,2,3,40 HC,A
AXWC4655985,03/09/2025,MTA,COC,NO,HAY-09/2025 TIM-SBY,03/09/2025 [MTA],C,1,3,3,40 HC,A
ZKGE4654519,05/09/2025,MTA,COC,NO,ASR-12/2025 SDA-SBY,05/09/2025 [MTA],B,18,6,3,40 HC,A
CNPQ4650222,06/09/2025,FXD,COC,YES,OSI-11/2025 BIT-SBY,06/09/2025,B,16,5,4,40 HC,A
TUVN4651580,06/09/2025,FXD,COC,NO,OSI-11/2025 BIT-SBY,06/09/2025,C,18,1,3,40 HC,A
TUXA4653865,31/08/2025,FXD,COC,YES,TFL-22/2025 PAL-SBY,31/08/2025,B,1,5,2,40 HC,A
OWGH4652127,04/09/2025,MTA,COC,NO,AKA-15/2025 GTO-SBY,04/09/2025 [MTA],B,1,4,1,40 HC,A
CZFX4654786,02/09/2025,MTA,COC,NO,REN-28/2025 SDA-SBY,02/09/2025 [MTA],B,1,3,1,40 HC,A
UFTU4657302,04/09/2025,MTA,COC,NO,BAU-18/2025 BMS-SBY,04/09/2025 [MTA],C,16,6,3,40 HC,A
DILO4657510,05/09/2025,MTA,COC,NO,ASR-12/2025 SDA-SBY,05/09/2025 [MTA],A,13,3,3,40 HC,A
DFJE4659575,18/08/2025,FXD,COC,YES,ASN-17/2025 PAL-SBY,18/08/2025,A,13,5,2,40 HC,A
OBRV4657585,02/09/2025,MTA,COC,NO,REN-28/2025 SDA-SBY,02/09/2025 [MTA],A,13,6,4,40 HC,A
XPXE4651662,31/08/2025,FXD,COC,YES,TFL-22/2025 PAL-SBY,31/08/2025,B,16,1,2,40 HC,A
SMXR4659112,18/08/2025,FXD,COC,YES,ASN-17/2025 PAL-SBY,18/08/2025,C,18,3,3,40 HC,A
KUIN4656740,28/07/2025,FXD,COC,NO,APE-11/2025 BIT-SBY,28/07/2025,B,1,7,5,40 HC,A
WKIV4653970,18/08/2025,FXD,COC,YES,ASN-17/2025 PAL-SBY,18/08/2025,A,13,5,1,40 HC,A
TJDQ4650672,06/09/2025,FXD,COC,NO,OSI-11/2025 BIT-SBY,06/09/2025,C,16,3,5,40 HC,A
WRLG4651441,04/09/2025,FXD,COC,YES,AKA-15/2025 TGK-SBY,04/09/2025,B,1,3,4,40 HC,A
MLPI4657318,03/09/2025,MTA,COC,NO,ODI-12/2025 MKS-JKT,03/09/2025 [MTA],B,18,4,1,40 HC,A
YEGB4651777,30/08/2025,FXD,COC,YES,APE-14/2025 JKT-SBY,30/08/2025,B,18,3,2,40 HC,A
ODBO4669948,06/09/2025,FXD,COC,NO,OSI-11/2025 BIT-SBY,06/09/2025,C,18,1,1,40 HC,A
NPCP4664289,05/09/2025,MTA,COC,NO,ASR-12/2025 SDA-SBY,05/09/2025 [MTA],A,13,1,2,40 HC,A
ILBE4664420,04/09/2025,MTA,COC,NO,AKA-15/2025 GTO-SBY,04/09/2025 [MTA],B,1,4,2,40 HC,A
MWPV4661402,28/07/2025,FXD,COC,NO,APE-11/2025 BIT-SBY,28/07/2025,B,1,7,4,40 HC,A
IYGG4664278,28/07/2025,FXD,COC,NO,APE-11/2025 BIT-SBY,28/07/2025,B,1,3,3,40 HC,A
ATYM4664826,31/08/2025,FXD,COC,YES,TFL-22/2025 PAL-SBY,31/08/2025,C,18,5,4,40 HC,A
JXKW4661002,17/08/2025,FXD,COC,YES,ASN-17/2025 PAL-SBY,17/08/2025,C,16,2,1,40 HC,A
PHDD4661760,05/09/2025,MTA,COC,NO,ASR-12/2025 BPN-SBY,05/09/2025 [MTA],C,16,3,3,40 HC,A
WRDD4661248,01/09/2025,FXD,COC,NO,OGO-13/2025 JKT-SBY,01/09/2025,C,18,7,2,40 HC,A
CVNE4668836,06/09/2025,FXD,COC,NO,OSI-11/2025 BIT-SBY,06/09/2025,C,18,1,2,40 HC,A
KOSF4666575,06/09/2025,FXD,COC,NO,OSI-11/2025 BIT-SBY,06/09/2025,B,1,6,5,40 HC,A
LWTE4663986,31/08/2025,FXD,COC,YES,TFL-22/2025 PAL-SBY,31/08/2025,A,13,4,4,40 HC,A
NEBI4660326,30/08/2025,FXD,COC,YES,APE-14/2025 JKT-SBY,30/08/2025,B,18,3,1,40 HC,A
RJDJ4663214,25/07/2025,FXD,COC,NO,OEM-10/2025 BIT-SBY,25/07/2025,C,16,1,4,40 HC,A
IIJX4664367,17/08/2025,FXD,COC,NO,APE-12/2025 BIT-SBY,17/08/2025,C,16,2,3,40 HC,A
BCYZ4666028,18/08/2025,FXD,COC,YES,ASN-17/2025 PAL-SBY,18/08/2025,C,16,2,2,40 HC,A
JSEU4665599,06/09/2025,FXD,COC,NO,OSI-11/2025 BIT-SBY,06/09/2025,C,18,7,3,40 HC,A
ADQI4661623,03/09/2025,MTA,COC,NO,HAY-09/2025 MKE-SBY,03/09/2025 [MTA],B,16,2,4,40 HC,A
ZQVC4663655,18/08/2025,FXD,COC,YES,ASN-17/2025 PAL-SBY,18/08/2025,B,18,7,4,40 HC,A
BBSS4662094,06/09/2025,FXD,COC,NO,OSI-11/2025 BIT-SBY,06/09/2025,B,16,1,3,40 HC,A
VMGQ4665624,18/08/2025,FXD,COC,YES,ASN-17/2025 PAL-SBY,18/08/2025,C,18,3,2,40 HC,A
CVPR4668560,02/09/2025,MTA,COC,NO,ODI-12/2025 MKS-JKT,02/09/2025 [MTA],C,16,4,1,40 HC,A
TNAZ4661242,17/08/2025,FXD,COC,NO,APE-12/2025 BIT-SBY,17/08/2025,C,1,6,3,40 HC,A
WTXO4667709,06/09/2025,FXD,COC,NO,OSI-11/2025 BIT-SBY,06/09/2025,B,1,5,4,40 HC,A
YNFK4665714,12/08/2025,FXD,COC,NO,OEM-11/2025 BIT-SBY,12/08/2025,A,13,5,3,40 HC,A
XFCW4665879,05/09/2025,MTA,COC,NO,ASR-12/2025 SDA-SBY,05/09/2025 [MTA],B,18,2,2,40 HC,A
PZBY4664345,02/09/2025,FXD,COC,NO,PST-23/2025 PAL-SBY,02/09/2025,B,18,3,3,40 HC,A
OUGR8998262,05/09/2025,MXD,SOC,NO,ASR-12/2025 BPN-SBY,--/--/---- [---],C,18,2,4,40 HC,-
QEGI5791912,08/06/2025,MXD,SOC,NO,LUZ-07/2025 AMB-SBY,--/--/---- [---],A,5,6,1,20 RH,-
DWCQ5838433,08/06/2025,MXD,SOC,NO,LUZ-07/2025 AMB-SBY,--/--/---- [---],A,5,6,2,20 RF,-
HMZY4423988,05/09/2025,MXD,SOC,NO,ASR-12/2025 BPN-SBY,--/--/---- [---],C,18,2,1,40 HC,-
OKGI5993333,05/09/2025,MXD,SOC,NO,ASR-12/2025 BPN-SBY,--/--/---- [---],B,18,5,2,40 HC,-
ZFKG4966644,03/09/2025,MXD,SOC,NO,HAY-09/2025 TIM-SBY,--/--/---- [---],B,3,4,2,20 RH,-
HKSA5070764,03/09/2025,MXD,SOC,NO,HAY-09/2025 TIM-SBY,--/--/---- [---],B,3,4,1,20 RH,-
UOVA5522184,02/09/2025,FXD,SOC,NO,PBE-22/2025 BMS-SBY,02/09/2025,B,18,7,2,40 HC,-
ESKK5753280,02/09/2025,FXD,SOC,NO,PBE-22/2025 BMS-SBY,02/09/2025,A,13,6,2,40 HC,-
OPKG7556588,02/09/2025,FXD,SOC,NO,PBE-22/2025 BMS-SBY,02/09/2025,C,16,1,3,40 HC,-
